Gene,Importance,Cluster,Genomes carrying gene,Representative genome,Isolation source
group_119,0.05964289,0,75,GCA_046195475.1_PDT002532737.1_genomic,unknown
group_1189,0.027170435,0,1248,GCA_029665625.1_ASM2966562v1_genomic,clinical
group_3115,0.026781147,0,236,GCA_046195475.1_PDT002532737.1_genomic,unknown
group_1474,0.023909515,0,117,GCA_046195475.1_PDT002532737.1_genomic,unknown
cas6,0.017821904,0,13,GCA_027477515.1_PDT001550218.1_genomic,unknown
group_3147,0.01707743,0,50,GCA_046195475.1_PDT002532737.1_genomic,unknown
group_1648,0.016948424,0,1091,GCA_029665625.1_ASM2966562v1_genomic,clinical
group_230,0.016852558,0,38,GCA_046195475.1_PDT002532737.1_genomic,unknown
group_3141,0.016617965,0,204,GCA_040721315.1_ASM4072131v1_genomic,unknown
group_944,0.015802542,0,326,GCA_046195475.1_PDT002532737.1_genomic,unknown
group_1567,0.014253909,0,584,GCA_029665625.1_ASM2966562v1_genomic,clinical
group_1340,0.014099429,0,1092,GCA_029665625.1_ASM2966562v1_genomic,clinical
lysK~~~lysK_1~~~lysK_2,0.01143826,0,49,GCA_046195475.1_PDT002532737.1_genomic,unknown
group_3031,0.010211788,0,1250,GCA_029665625.1_ASM2966562v1_genomic,clinical
lytN_2~~~lytN~~~lytN_1,0.0091259675,0,1164,GCA_029665625.1_ASM2966562v1_genomic,clinical
sspP~~~sspP_2~~~sspP_1,0.0081984205,0,1250,GCA_029665625.1_ASM2966562v1_genomic,clinical
group_329,0.007975767,0,116,GCA_046176595.1_PDT002533324.1_genomic,unknown
group_1460,0.0075078383,0,81,GCA_046195475.1_PDT002532737.1_genomic,unknown
group_97,0.007153707,0,261,GCA_046195475.1_PDT002532737.1_genomic,unknown
group_961,0.005686404,0,108,GCA_029665625.1_ASM2966562v1_genomic,clinical
arsC~~~arsC_2~~~arsC_1,0.0055868956,0,598,GCA_029665625.1_ASM2966562v1_genomic,clinical
group_3062,0.0044928812,0,1231,GCA_029665625.1_ASM2966562v1_genomic,clinical
group_25,0.0043611364,0,10,GCA_027732125.1_PDT001565440.1_genomic,other
group_1074,0.0032187696,0,1028,GCA_029665625.1_ASM2966562v1_genomic,clinical
ppaX~~~indB_3~~~indB_1~~~indB_2,0.0027661766,0,89,GCA_043564245.1_PDT002340584.2_genomic,other
group_3111,0.001991287,0,1161,GCA_029665625.1_ASM2966562v1_genomic,clinical
group_1127,0.0011168587,0,153,GCA_029665625.1_ASM2966562v1_genomic,clinical
group_1195,0.00092786865,0,1251,GCA_029665625.1_ASM2966562v1_genomic,clinical
group_1605,0.0006964426,0,337,GCA_029665625.1_ASM2966562v1_genomic,clinical
group_1476,0.0,0,50,GCA_026515885.1_PDT001502038.1_genomic,unknown
group_37,0.0,0,150,GCA_046195475.1_PDT002532737.1_genomic,unknown
group_162,0.0,0,381,GCA_040721315.1_ASM4072131v1_genomic,unknown
group_3044,0.0698703,2,23,GCA_049091715.1_PDT002652017.1_genomic,unknown
group_2433,0.052118964,2,29,GCA_049091715.1_PDT002652017.1_genomic,unknown
group_878,0.018088037,2,8,GCA_049091715.1_PDT002652017.1_genomic,unknown
group_2439,0.015872987,2,7,GCA_049091715.1_PDT002652017.1_genomic,unknown
group_159,0.08394411,3,158,GCA_032553895.1_PDT001814148.1_genomic,non_clinical
group_1316,0.07889608,3,42,GCA_032553895.1_PDT001814148.1_genomic,non_clinical
group_1548,0.0102459565,3,83,GCA_032553895.1_PDT001814148.1_genomic,non_clinical
guaB_2~~~guaB_1,0.008122863,3,42,GCA_032553895.1_PDT001814148.1_genomic,non_clinical
group_486,0.0050262786,3,327,GCA_032553895.1_PDT001814148.1_genomic,non_clinical
group_3138,0.001831798,3,102,GCA_032553895.1_PDT001814148.1_genomic,non_clinical
group_234,0.00027109086,3,103,GCA_032553895.1_PDT001814148.1_genomic,non_clinical
group_3176,0.08897722,4,32,GCA_902723675.1_11076_2_55_genomic,clinical
group_2620,0.0440544,4,34,GCA_902723675.1_11076_2_55_genomic,clinical
thsB1,0.07873348,5,68,GCA_053728125.1_PDT002999057.1_genomic,unknown
group_847,0.031242695,5,85,GCA_053728125.1_PDT002999057.1_genomic,unknown
graF_1~~~graF,0.023468077,5,75,GCA_053728125.1_PDT002999057.1_genomic,unknown
group_2394,0.023033438,5,81,GCA_053728125.1_PDT002999057.1_genomic,unknown
thsA_1~~~thsA_2~~~thsA,0.0067676445,5,68,GCA_053728125.1_PDT002999057.1_genomic,unknown
