gene,num_genomes,representative_genome,cluster,asm_acc,isolation_source
group_3176,32,GCA_902723675.1_11076_2_55_genomic,4,GCA_902723675.1,clinical
group_159,158,GCA_032553895.1_PDT001814148.1_genomic,3,GCA_032553895.1,non_clinical
group_1316,42,GCA_032553895.1_PDT001814148.1_genomic,3,GCA_032553895.1,non_clinical
thsB1,68,GCA_053728125.1_PDT002999057.1_genomic,5,GCA_053728125.1,unknown
group_3044,23,GCA_049091715.1_PDT002652017.1_genomic,2,GCA_049091715.1,unknown
group_119,75,GCA_046195475.1_PDT002532737.1_genomic,0,GCA_046195475.1,unknown
group_2433,29,GCA_049091715.1_PDT002652017.1_genomic,2,GCA_049091715.1,unknown
group_2620,34,GCA_902723675.1_11076_2_55_genomic,4,GCA_902723675.1,clinical
group_847,85,GCA_053728125.1_PDT002999057.1_genomic,5,GCA_053728125.1,unknown
group_1189,1248,GCA_029665625.1_ASM2966562v1_genomic,0,GCA_029665625.1,clinical
group_3115,236,GCA_046195475.1_PDT002532737.1_genomic,0,GCA_046195475.1,unknown
group_1474,117,GCA_046195475.1_PDT002532737.1_genomic,0,GCA_046195475.1,unknown
graF_1~~~graF,75,GCA_053728125.1_PDT002999057.1_genomic,5,GCA_053728125.1,unknown
group_2394,81,GCA_053728125.1_PDT002999057.1_genomic,5,GCA_053728125.1,unknown
group_878,8,GCA_049091715.1_PDT002652017.1_genomic,2,GCA_049091715.1,unknown
cas6,13,GCA_027477515.1_PDT001550218.1_genomic,0,GCA_027477515.1,unknown
group_3147,50,GCA_046195475.1_PDT002532737.1_genomic,0,GCA_046195475.1,unknown
group_1648,1091,GCA_029665625.1_ASM2966562v1_genomic,0,GCA_029665625.1,clinical
group_230,38,GCA_046195475.1_PDT002532737.1_genomic,0,GCA_046195475.1,unknown
group_3141,204,GCA_040721315.1_ASM4072131v1_genomic,0,GCA_040721315.1,unknown
group_2439,7,GCA_049091715.1_PDT002652017.1_genomic,2,GCA_049091715.1,unknown
group_944,326,GCA_046195475.1_PDT002532737.1_genomic,0,GCA_046195475.1,unknown
group_1567,584,GCA_029665625.1_ASM2966562v1_genomic,0,GCA_029665625.1,clinical
group_1340,1092,GCA_029665625.1_ASM2966562v1_genomic,0,GCA_029665625.1,clinical
lysK~~~lysK_1~~~lysK_2,49,GCA_046195475.1_PDT002532737.1_genomic,0,GCA_046195475.1,unknown
group_1548,83,GCA_032553895.1_PDT001814148.1_genomic,3,GCA_032553895.1,non_clinical
group_3031,1250,GCA_029665625.1_ASM2966562v1_genomic,0,GCA_029665625.1,clinical
lytN_2~~~lytN~~~lytN_1,1164,GCA_029665625.1_ASM2966562v1_genomic,0,GCA_029665625.1,clinical
sspP~~~sspP_2~~~sspP_1,1250,GCA_029665625.1_ASM2966562v1_genomic,0,GCA_029665625.1,clinical
guaB_2~~~guaB_1,42,GCA_032553895.1_PDT001814148.1_genomic,3,GCA_032553895.1,non_clinical
group_329,116,GCA_046176595.1_PDT002533324.1_genomic,0,GCA_046176595.1,unknown
group_1460,81,GCA_046195475.1_PDT002532737.1_genomic,0,GCA_046195475.1,unknown
group_97,261,GCA_046195475.1_PDT002532737.1_genomic,0,GCA_046195475.1,unknown
thsA_1~~~thsA_2~~~thsA,68,GCA_053728125.1_PDT002999057.1_genomic,5,GCA_053728125.1,unknown
group_961,108,GCA_029665625.1_ASM2966562v1_genomic,0,GCA_029665625.1,clinical
arsC~~~arsC_2~~~arsC_1,598,GCA_029665625.1_ASM2966562v1_genomic,0,GCA_029665625.1,clinical
group_486,327,GCA_032553895.1_PDT001814148.1_genomic,3,GCA_032553895.1,non_clinical
group_3062,1231,GCA_029665625.1_ASM2966562v1_genomic,0,GCA_029665625.1,clinical
group_25,10,GCA_027732125.1_PDT001565440.1_genomic,0,GCA_027732125.1,other
group_1074,1028,GCA_029665625.1_ASM2966562v1_genomic,0,GCA_029665625.1,clinical
ppaX~~~indB_3~~~indB_1~~~indB_2,89,GCA_043564245.1_PDT002340584.2_genomic,0,GCA_043564245.1,other
group_3111,1161,GCA_029665625.1_ASM2966562v1_genomic,0,GCA_029665625.1,clinical
group_3138,102,GCA_032553895.1_PDT001814148.1_genomic,3,GCA_032553895.1,non_clinical
group_1127,153,GCA_029665625.1_ASM2966562v1_genomic,0,GCA_029665625.1,clinical
group_1195,1251,GCA_029665625.1_ASM2966562v1_genomic,0,GCA_029665625.1,clinical
group_1605,337,GCA_029665625.1_ASM2966562v1_genomic,0,GCA_029665625.1,clinical
group_234,103,GCA_032553895.1_PDT001814148.1_genomic,3,GCA_032553895.1,non_clinical
group_1476,50,GCA_026515885.1_PDT001502038.1_genomic,0,GCA_026515885.1,unknown
group_37,150,GCA_046195475.1_PDT002532737.1_genomic,0,GCA_046195475.1,unknown
group_162,381,GCA_040721315.1_ASM4072131v1_genomic,0,GCA_040721315.1,unknown
