asm_acc,source_category
GCA_000221825.2,unknown
GCA_000362765.1,unknown
GCA_000360885.1,unknown
GCA_000442355.1,clinical
GCA_000527815.1,other
GCA_000528115.1,clinical
GCA_000528615.1,other
GCA_000533135.1,clinical
GCA_000533815.1,other
GCA_000535115.1,unknown
GCA_000535135.1,other
GCA_000535695.1,other
GCA_000538555.1,clinical
GCA_000539795.1,unknown
GCA_000540595.1,unknown
GCA_000541515.1,clinical
GCA_000543565.1,other
GCA_000544065.1,other
GCA_000545165.1,other
GCA_000546605.1,other
GCA_000547885.1,clinical
GCA_000551465.1,clinical
GCA_000552365.1,clinical
GCA_000555325.1,clinical
GCA_000556825.1,other
GCA_000556845.1,other
GCA_000557365.1,other
GCA_000558305.1,clinical
GCA_000560525.1,other
GCA_000560805.1,other
GCA_000568455.1,unknown
GCA_000569895.1,other
GCA_000575505.1,other
GCA_000576855.1,other
GCA_000578735.1,unknown
GCA_000579135.1,unknown
GCA_000593185.1,clinical
GCA_000593805.1,unknown
GCA_000594125.1,other
GCA_000595285.1,other
GCA_000601885.1,unknown
GCA_000602305.1,other
GCA_000606385.1,unknown
GCA_000607745.1,clinical
GCA_000608185.1,clinical
GCA_000609725.1,clinical
GCA_000637155.1,other
GCA_000638755.1,other
GCA_000642475.1,unknown
GCA_000643795.1,unknown
GCA_000644515.1,unknown
GCA_000646575.1,unknown
GCA_000712685.1,unknown
GCA_000815085.1,other
GCA_000934265.1,other
GCA_001019435.2,clinical
GCA_001065215.1,unknown
GCA_001204955.1,clinical
GCA_001210985.1,clinical
GCA_001227005.1,other
GCA_001287585.1,unknown
GCA_001288965.1,unknown
GCA_001351775.1,clinical
GCA_001352195.1,clinical
GCA_900043955.1,clinical
GCA_900057635.1,clinical
GCA_900020455.1,clinical
GCA_900044635.1,clinical
GCA_900045045.1,clinical
GCA_900037635.1,clinical
GCA_900057305.1,clinical
GCA_900018735.1,clinical
GCA_900044945.1,clinical
GCA_900039135.1,clinical
GCA_900040845.1,clinical
GCA_900018015.1,clinical
GCA_900037675.1,clinical
GCA_900031655.1,clinical
GCA_900046025.1,clinical
GCA_900019125.1,clinical
GCA_900054705.1,clinical
GCA_900057325.1,clinical
GCA_900042655.1,clinical
GCA_900018775.1,clinical
GCA_900019135.1,clinical
GCA_900081245.1,unknown
GCA_900082445.1,unknown
GCA_900082045.1,unknown
GCA_900082455.1,unknown
GCA_900083055.1,unknown
GCA_019245825.1,unknown
GCA_900097765.1,clinical
GCA_900098545.1,non_clinical
GCA_900097655.1,clinical
GCA_900098245.1,non_clinical
GCA_900083285.1,unknown
GCA_900083405.1,unknown
GCA_900126415.1,unknown
GCA_900124925.1,unknown
GCA_900126725.1,unknown
GCA_900126215.1,unknown
GCA_900127905.1,unknown
GCA_001969725.1,other
GCA_015610445.2,unknown
GCA_001996665.1,unknown
GCA_002121675.1,clinical
GCA_002121975.1,clinical
GCA_002125255.1,clinical
GCA_002225105.1,clinical
GCA_002225135.1,unknown
GCA_002225315.1,clinical
GCA_002267155.1,clinical
GCA_002267705.1,clinical
GCA_002850415.1,non_clinical
GCA_900250635.1,unknown
GCA_900251185.1,unknown
GCA_002982855.1,clinical
GCA_003001485.1,unknown
GCA_003261195.1,other
GCA_900483615.1,clinical
GCA_003309965.1,unknown
GCA_003310465.1,unknown
GCA_900457555.1,other
GCA_003417245.1,unknown
GCA_003419765.1,unknown
GCA_900483685.1,clinical
GCA_003720025.1,clinical
GCA_003720575.1,clinical
GCA_003720995.1,clinical
GCA_015605125.1,unknown
GCA_015606505.1,unknown
GCA_004137725.1,clinical
GCA_005861705.1,non_clinical
GCA_015603425.1,unknown
GCA_008364175.1,unknown
GCA_009660635.1,non_clinical
GCA_009675345.1,clinical
GCA_009690605.1,unknown
GCA_009750515.1,other
GCA_009750615.1,other
GCA_009753445.1,other
GCA_009792375.1,clinical
GCA_015593855.1,clinical
GCA_902714345.1,clinical
GCA_902714535.1,clinical
GCA_902715005.1,clinical
GCA_902715155.1,clinical
GCA_902715535.1,clinical
GCA_902716795.1,clinical
GCA_902718085.1,clinical
GCA_009912415.1,unknown
GCA_009912555.1,unknown
GCA_902719205.1,clinical
GCA_902720015.1,clinical
GCA_902720265.1,clinical
GCA_902720855.1,other
GCA_902720925.1,clinical
GCA_902721495.1,clinical
GCA_902723675.1,clinical
GCA_010599625.1,other
GCA_010602795.1,other
GCA_011007335.1,clinical
GCA_011026495.1,clinical
GCA_011026625.1,clinical
GCA_011028375.1,clinical
GCA_011028885.1,clinical
GCA_011030785.1,clinical
GCA_011031385.1,clinical
GCA_011031745.1,clinical
GCA_011059365.1,clinical
GCA_011060345.1,clinical
GCA_011291045.1,clinical
GCA_011292075.1,clinical
GCA_012650875.1,clinical
GCA_013004085.1,unknown
GCA_013367115.1,clinical
GCA_903801695.1,clinical
GCA_903802895.1,unknown
GCA_903798895.1,unknown
GCA_903799045.1,unknown
GCA_903799535.1,other
GCA_903803345.1,unknown
GCA_903803465.1,unknown
GCA_903805415.1,other
GCA_903805805.1,unknown
GCA_903806165.1,unknown
GCA_903806915.1,unknown
GCA_903807445.1,unknown
GCA_903807835.1,unknown
GCA_903808455.1,clinical
GCA_903809035.1,other
GCA_903809055.1,other
GCA_903809585.1,unknown
GCA_903810325.1,unknown
GCA_903810805.1,unknown
GCA_013504825.1,unknown
GCA_013624945.1,non_clinical
GCA_903987865.1,clinical
GCA_903988945.1,unknown
GCA_903990795.1,other
GCA_015582375.1,unknown
GCA_015581735.1,unknown
GCA_015581635.1,unknown
GCA_015580555.1,unknown
GCA_015580515.1,unknown
GCA_015580475.1,unknown
GCA_015580135.1,unknown
GCA_015578115.1,unknown
GCA_015577055.1,unknown
GCA_015571455.1,other
GCA_015569695.1,other
GCA_015569795.1,other
GCA_015569235.1,other
GCA_015567235.1,other
GCA_014117165.1,unknown
GCA_014181175.1,clinical
GCA_009459225.1,clinical
GCA_009459365.1,unknown
GCA_009460035.1,clinical
GCA_014693635.1,clinical
GCA_014693915.1,clinical
GCA_014694985.1,clinical
GCA_014726375.1,clinical
GCA_014728415.1,clinical
GCA_014831705.1,other
GCA_014835985.1,other
GCA_014877095.1,clinical
GCA_015244035.1,clinical
GCA_015714365.1,other
GCA_015715265.1,clinical
GCA_015717305.1,clinical
GCA_015729295.1,clinical
GCA_016012925.1,other
GCA_016015315.1,other
GCA_016016135.1,other
GCA_016016435.1,other
GCA_016017045.1,other
GCA_016621825.1,clinical
GCA_016828135.1,clinical
GCA_016829435.1,clinical
GCA_016832355.1,clinical
GCA_016832525.1,clinical
GCA_016833515.1,clinical
GCA_016833775.1,clinical
GCA_017099535.1,clinical
GCA_017092945.1,clinical
GCA_017669115.1,clinical
GCA_017973705.1,unknown
GCA_018134725.1,non_clinical
GCA_018168595.1,unknown
GCA_018170735.1,unknown
GCA_018184535.1,unknown
GCA_018150355.1,unknown
GCA_018150295.1,unknown
GCA_018210265.1,other
GCA_018210525.1,other
GCA_018210545.1,other
GCA_018214545.1,other
GCA_018306225.1,other
GCA_018308385.1,other
GCA_018336515.1,other
GCA_018811305.1,clinical
GCA_018811285.1,clinical
GCA_018586285.1,clinical
GCA_018681875.1,unknown
GCA_018912445.1,unknown
GCA_018967765.1,unknown
GCA_018983085.1,unknown
GCA_018983305.1,unknown
GCA_018996545.1,unknown
GCA_019016145.1,clinical
GCA_019018685.1,clinical
GCA_019019065.1,clinical
GCA_019098185.1,other
GCA_019098785.1,other
GCA_019099905.1,other
GCA_019100065.1,other
GCA_019103145.1,other
GCA_019121215.1,clinical
GCA_019121535.1,clinical
GCA_019122335.1,clinical
GCA_019124555.1,clinical
GCA_019149145.1,non_clinical
GCA_019351525.1,clinical
GCA_019413145.1,clinical
GCA_019408925.1,clinical
GCA_019712075.1,clinical
GCA_019713835.1,clinical
GCA_019717175.1,clinical
GCA_019756935.1,clinical
GCA_019758335.1,clinical
GCA_020297165.1,other
GCA_020587495.1,clinical
GCA_020588185.1,clinical
GCA_020588235.1,clinical
GCA_020589495.1,clinical
GCA_020590775.1,clinical
GCA_020666945.1,other
GCA_020821075.1,unknown
GCA_020821215.1,unknown
GCA_021009255.1,clinical
GCA_021009935.1,clinical
GCA_021012265.1,clinical
GCA_021328615.1,clinical
GCA_021478225.1,non_clinical
GCA_021478445.1,non_clinical
GCA_021479585.1,unknown
GCA_021482125.1,non_clinical
GCA_021483945.1,non_clinical
GCA_021484105.1,non_clinical
GCA_021574535.1,non_clinical
GCA_021576995.1,non_clinical
GCA_021698295.1,unknown
GCA_021725475.1,other
GCA_022214265.1,other
GCA_022239685.1,other
GCA_022321665.1,other
GCA_022493095.1,unknown
GCA_022693245.1,clinical
GCA_023111275.1,unknown
GCA_023111775.1,unknown
GCA_023361635.1,clinical
GCA_023362335.1,clinical
GCA_023545135.1,unknown
GCA_023593945.1,clinical
GCA_023593265.1,clinical
GCA_023588645.1,clinical
GCA_023655485.1,clinical
GCA_023656025.1,clinical
GCA_024018275.1,unknown
GCA_023850165.1,other
GCA_023850705.1,other
GCA_023853455.1,clinical
GCA_023854005.1,clinical
GCA_023854825.1,clinical
GCA_024360425.1,other
GCA_024361105.1,clinical
GCA_024454205.1,other
GCA_024632975.1,clinical
GCA_024897295.1,clinical
GCA_024898895.1,clinical
GCA_024900115.1,clinical
GCA_024915885.1,non_clinical
GCA_024916875.1,other
GCA_025245345.1,non_clinical
GCA_025540915.2,clinical
GCA_025559785.1,clinical
GCA_025562155.1,clinical
GCA_025562255.1,clinical
GCA_025563115.1,clinical
GCA_025570625.1,non_clinical
GCA_025696345.1,other
GCA_025695445.1,unknown
GCA_025770685.1,clinical
GCA_026311915.1,clinical
GCA_026336555.1,other
GCA_026334415.1,clinical
GCA_026333455.1,clinical
GCA_026329035.1,clinical
GCA_026480005.1,other
GCA_026504205.1,clinical
GCA_026503625.1,clinical
GCA_026503465.1,other
GCA_026483085.1,other
GCA_026482945.1,other
GCA_026470505.1,other
GCA_026446985.1,other
GCA_026446825.1,other
GCA_026445085.1,other
GCA_026444365.1,other
GCA_026471065.1,clinical
GCA_026442815.1,clinical
GCA_026441055.1,clinical
GCA_026438875.1,unknown
GCA_026434415.1,unknown
GCA_028159605.1,clinical
GCA_028159525.1,unknown
GCA_028159345.1,clinical
GCA_026433195.1,unknown
GCA_026429835.1,unknown
GCA_026428715.1,unknown
GCA_026424935.1,clinical
GCA_026423855.1,clinical
GCA_026515885.1,unknown
GCA_026511785.1,unknown
GCA_026507355.1,unknown
GCA_026500765.1,unknown
GCA_026500485.1,unknown
GCA_026497345.1,unknown
GCA_026496165.1,unknown
GCA_026493845.1,unknown
GCA_026494215.1,unknown
GCA_026491465.1,unknown
GCA_026604895.1,clinical
GCA_026593095.1,clinical
GCA_026587535.1,clinical
GCA_026591175.1,clinical
GCA_026608955.1,unknown
GCA_026605615.1,unknown
GCA_026604095.1,unknown
GCA_026595955.1,clinical
GCA_026595895.1,clinical
GCA_026594875.1,clinical
GCA_026643235.1,clinical
GCA_026638835.1,clinical
GCA_026637795.1,clinical
GCA_026635475.1,other
GCA_026667855.1,clinical
GCA_026662715.1,clinical
GCA_026659475.1,clinical
GCA_026652915.1,clinical
GCA_026730475.1,clinical
GCA_026726475.1,other
GCA_026729855.1,clinical
GCA_026729655.1,other
GCA_026745185.1,clinical
GCA_026748575.1,clinical
GCA_026748455.1,other
GCA_026746855.1,clinical
GCA_026747555.1,clinical
GCA_026757635.1,clinical
GCA_026757615.1,clinical
GCA_026756395.1,clinical
GCA_026822475.1,clinical
GCA_026779885.1,clinical
GCA_026848935.1,clinical
GCA_026848895.1,clinical
GCA_026846855.1,clinical
GCA_026845535.1,clinical
GCA_026844755.1,clinical
GCA_026842895.1,clinical
GCA_026841095.1,clinical
GCA_026840935.1,clinical
GCA_026840755.1,clinical
GCA_026839535.1,clinical
GCA_026838575.1,clinical
GCA_026876005.1,clinical
GCA_026826675.1,clinical
GCA_026823415.1,clinical
GCA_026819715.1,other
GCA_026817745.1,other
GCA_026816465.1,other
GCA_026813625.1,other
GCA_026812445.1,other
GCA_026810425.1,other
GCA_026853975.1,clinical
GCA_026853875.1,clinical
GCA_026853495.1,clinical
GCA_026866595.1,clinical
GCA_026863055.1,clinical
GCA_026864235.1,clinical
GCA_026868135.1,clinical
GCA_026883765.1,other
GCA_026879245.1,other
GCA_026911465.1,other
GCA_026910205.1,non_clinical
GCA_026911125.1,non_clinical
GCA_026921395.1,other
GCA_026927275.1,other
GCA_026921915.1,other
GCA_026941675.1,other
GCA_026938125.1,other
GCA_026961945.1,unknown
GCA_026958515.1,unknown
GCA_026955175.1,unknown
GCA_026957255.1,unknown
GCA_027252775.1,clinical
GCA_027248995.1,clinical
GCA_027246905.1,clinical
GCA_027244575.1,clinical
GCA_027244295.1,clinical
GCA_027186585.1,clinical
GCA_027178875.1,clinical
GCA_027178315.1,clinical
GCA_027163205.1,clinical
GCA_027163165.1,unknown
GCA_027162645.1,clinical
GCA_027143745.1,clinical
GCA_027131955.1,clinical
GCA_027131055.1,clinical
GCA_027125415.1,clinical
GCA_027118595.1,clinical
GCA_027118515.1,clinical
GCA_027111075.1,clinical
GCA_027243725.1,other
GCA_027084295.1,clinical
GCA_027070275.1,other
GCA_027061045.1,clinical
GCA_027057635.1,clinical
GCA_027055995.1,other
GCA_027033795.1,clinical
GCA_027020365.1,clinical
GCA_026998735.1,clinical
GCA_027009235.1,other
GCA_026979355.1,other
GCA_026977815.1,other
GCA_026975725.1,other
GCA_026978535.1,clinical
GCA_026973335.1,other
GCA_026972435.1,other
GCA_027017345.1,clinical
GCA_027012765.1,clinical
GCA_027002235.1,clinical
GCA_027141595.1,unknown
GCA_027140495.1,unknown
GCA_027169945.1,unknown
GCA_027168825.1,unknown
GCA_027164325.1,other
GCA_027164685.1,other
GCA_027243055.1,unknown
GCA_027242985.1,unknown
GCA_027196565.1,unknown
GCA_027201245.1,unknown
GCA_027191925.1,unknown
GCA_027200005.1,unknown
GCA_027200385.1,unknown
GCA_027199685.1,unknown
GCA_027201185.1,unknown
GCA_027226545.1,unknown
GCA_027216065.1,unknown
GCA_027209585.1,unknown
GCA_027214865.1,unknown
GCA_027225845.1,unknown
GCA_027207205.1,unknown
GCA_027210345.1,unknown
GCA_027210225.1,unknown
GCA_027292105.1,unknown
GCA_027291165.1,unknown
GCA_027287605.1,clinical
GCA_027287145.1,unknown
GCA_027287165.1,unknown
GCA_027282345.1,unknown
GCA_027282005.1,unknown
GCA_027281145.1,other
GCA_027280705.1,unknown
GCA_027467925.1,unknown
GCA_027463185.1,unknown
GCA_027305925.1,unknown
GCA_027462265.1,unknown
GCA_027461165.1,unknown
GCA_027362935.1,unknown
GCA_027362575.1,unknown
GCA_027301285.1,unknown
GCA_027359795.1,unknown
GCA_027358275.1,unknown
GCA_027481085.1,other
GCA_027479625.1,clinical
GCA_027476875.1,other
GCA_027477515.1,unknown
GCA_027913475.1,other
GCA_027896955.1,non_clinical
GCA_027536965.1,unknown
GCA_027534085.1,unknown
GCA_027530625.1,unknown
GCA_027528145.1,unknown
GCA_027527785.1,unknown
GCA_027524705.1,unknown
GCA_027522645.1,unknown
GCA_027519745.1,unknown
GCA_027517905.1,unknown
GCA_027517525.1,unknown
GCA_027512925.1,unknown
GCA_027511845.1,unknown
GCA_027510305.1,unknown
GCA_027506185.1,unknown
GCA_027505925.1,unknown
GCA_027504525.1,unknown
GCA_027544905.1,unknown
GCA_027540465.1,unknown
GCA_027534905.1,clinical
GCA_027539865.1,clinical
GCA_027541405.1,unknown
GCA_027599585.1,other
GCA_027607115.1,other
GCA_027601785.1,non_clinical
GCA_027600695.1,non_clinical
GCA_027826675.1,other
GCA_027824135.1,other
GCA_027821835.1,other
GCA_027810775.1,other
GCA_027799415.1,other
GCA_027799055.1,other
GCA_027568175.1,clinical
GCA_027725665.1,other
GCA_027723025.1,other
GCA_027722545.1,other
GCA_027642865.1,other
GCA_027639745.1,other
GCA_027637445.1,other
GCA_027628405.1,other
GCA_027627885.1,other
GCA_027882625.1,other
GCA_027715565.1,other
GCA_027714925.1,other
GCA_027652685.1,other
GCA_027647465.1,other
GCA_027712765.1,other
GCA_027655245.1,other
GCA_027704745.1,other
GCA_027654245.1,other
GCA_027653605.1,other
GCA_027704085.1,other
GCA_027657885.1,other
GCA_027656125.1,other
GCA_027877785.1,other
GCA_027743125.1,other
GCA_027732125.1,other
GCA_027731595.1,other
GCA_027793695.1,other
GCA_027759445.1,other
GCA_027758685.1,other
GCA_027758265.1,other
GCA_027769845.1,other
GCA_027756765.1,other
GCA_027762305.1,other
GCA_027769025.1,other
GCA_027765585.1,other
GCA_027789265.1,clinical
GCA_027787865.1,clinical
GCA_027783825.1,clinical
GCA_027782825.1,clinical
GCA_027780505.1,clinical
GCA_027884305.1,clinical
GCA_027883485.1,clinical
GCA_027779205.1,clinical
GCA_027778965.1,clinical
GCA_027778485.1,clinical
GCA_027778405.1,clinical
GCA_027778005.1,clinical
GCA_027774605.1,clinical
GCA_027765005.1,clinical
GCA_027761045.1,clinical
GCA_027816515.1,other
GCA_027813955.1,other
GCA_027832175.1,unknown
GCA_027832515.1,unknown
GCA_027842435.1,clinical
GCA_027851615.1,unknown
GCA_028011045.1,clinical
GCA_028010405.1,clinical
GCA_028009755.1,clinical
GCA_028003685.1,other
GCA_028003165.1,other
GCA_028003145.1,other
GCA_027997965.1,unknown
GCA_027990825.1,unknown
GCA_027990225.1,unknown
GCA_027983445.1,unknown
GCA_027983005.1,unknown
GCA_027983035.1,unknown
GCA_027978135.1,unknown
GCA_027977385.1,unknown
GCA_027968475.1,unknown
GCA_027968365.1,unknown
GCA_027966365.1,unknown
GCA_027966305.1,clinical
GCA_027965865.1,unknown
GCA_027961345.1,unknown
GCA_027956665.1,clinical
GCA_027955685.1,clinical
GCA_027999345.1,clinical
GCA_028085595.1,clinical
GCA_028084335.1,other
GCA_028083915.1,unknown
GCA_028083035.1,other
GCA_028082935.1,unknown
GCA_028076535.1,clinical
GCA_028079455.1,other
GCA_028076095.1,other
GCA_028079915.1,other
GCA_028078515.1,other
GCA_028087035.1,unknown
GCA_028131705.1,clinical
GCA_028156325.1,other
GCA_028190545.1,other
GCA_028183645.1,unknown
GCA_028196365.1,other
GCA_028195005.1,other
GCA_028214015.1,other
GCA_028213415.1,other
GCA_028260965.1,clinical
GCA_028294835.1,unknown
GCA_028294475.1,unknown
GCA_028308205.1,unknown
GCA_028312165.1,other
GCA_028334465.1,other
GCA_028360755.1,clinical
GCA_028365495.1,other
GCA_028364955.1,unknown
GCA_028363115.1,other
GCA_028390685.1,unknown
GCA_028387555.1,unknown
GCA_028386795.1,unknown
GCA_028390325.1,unknown
GCA_028388895.1,clinical
GCA_028391885.1,clinical
GCA_028394945.1,clinical
GCA_028393345.1,other
GCA_028421145.1,clinical
GCA_028417315.1,unknown
GCA_028434945.1,clinical
GCA_028451735.1,other
GCA_028456775.1,other
GCA_028458825.1,other
GCA_028467625.1,non_clinical
GCA_028466825.1,other
GCA_028509055.1,other
GCA_028515205.1,unknown
GCA_028520585.1,other
GCA_028538475.1,clinical
GCA_028536355.1,clinical
GCA_028534765.1,clinical
GCA_028551985.1,unknown
GCA_028586675.1,clinical
GCA_028639285.1,other
GCA_028639635.1,clinical
GCA_028800805.1,clinical
GCA_028766315.1,other
GCA_028804035.1,non_clinical
GCA_028804235.1,non_clinical
GCA_028831365.1,other
GCA_028987305.1,other
GCA_028986485.1,other
GCA_028986285.1,other
GCA_028983435.1,other
GCA_028981445.1,other
GCA_028981325.1,other
GCA_028974805.1,other
GCA_028970605.1,other
GCA_028965665.1,other
GCA_028959525.1,other
GCA_028958045.1,clinical
GCA_028957825.1,clinical
GCA_028956585.1,clinical
GCA_028953225.1,other
GCA_028952705.1,other
GCA_028947745.1,other
GCA_028945205.1,other
GCA_028943745.1,other
GCA_028943545.1,other
GCA_028940565.1,other
GCA_028935305.1,other
GCA_028934845.1,other
GCA_028931005.1,other
GCA_028923205.1,other
GCA_028921185.1,other
GCA_028921125.1,other
GCA_028920705.1,other
GCA_028906005.1,other
GCA_028904825.1,other
GCA_028903305.1,other
GCA_028902565.1,other
GCA_029031785.1,other
GCA_029030505.1,other
GCA_029030425.1,other
GCA_029045605.1,other
GCA_029045365.1,other
GCA_029034145.1,other
GCA_029036045.1,other
GCA_029033065.1,other
GCA_029032785.1,other
GCA_029032725.1,other
GCA_029102005.1,clinical
GCA_032283165.1,clinical
GCA_032282425.1,non_clinical
GCA_029404035.1,other
GCA_029402885.1,other
GCA_029678845.1,other
GCA_029394935.1,unknown
GCA_029394835.1,unknown
GCA_029390635.1,unknown
GCA_029389475.1,unknown
GCA_029389375.1,unknown
GCA_029388575.1,unknown
GCA_029387915.1,unknown
GCA_029417795.1,other
GCA_029414535.1,other
GCA_029422935.1,unknown
GCA_029422815.1,unknown
GCA_029526865.1,non_clinical
GCA_029595945.1,clinical
GCA_029665045.1,clinical
GCA_029665575.1,clinical
GCA_029665625.1,clinical
GCA_029666895.1,clinical
GCA_029724455.1,other
GCA_029764875.1,non_clinical
GCA_029822115.1,other
GCA_029834355.1,unknown
GCA_029833915.1,clinical
GCA_030905185.1,clinical
GCA_030889245.1,other
GCA_030888965.1,unknown
GCA_029852345.1,clinical
GCA_031514805.1,clinical
GCA_030734455.1,other
GCA_032278085.1,clinical
GCA_033868535.1,unknown
GCA_032266235.1,unknown
GCA_032265695.1,unknown
GCA_033845165.1,unknown
GCA_033842685.1,unknown
GCA_033830725.1,unknown
GCA_032221565.1,unknown
GCA_033781075.1,unknown
GCA_033780955.1,unknown
GCA_033780655.1,unknown
GCA_033780535.1,unknown
GCA_033779015.1,unknown
GCA_033778315.1,unknown
GCA_033778155.1,unknown
GCA_033776955.1,unknown
GCA_033776735.1,unknown
GCA_033775195.1,unknown
GCA_033774175.1,unknown
GCA_033771655.1,unknown
GCA_033771455.1,unknown
GCA_029929345.1,other
GCA_029948515.1,other
GCA_029950465.1,other
GCA_029951485.1,other
GCA_029951685.1,other
GCA_033706415.1,clinical
GCA_033706315.1,clinical
GCA_033606935.1,other
GCA_030206855.1,non_clinical
GCA_030207055.1,non_clinical
GCA_030207535.1,non_clinical
GCA_030241505.1,clinical
GCA_030243185.1,clinical
GCA_030243495.1,clinical
GCA_030245735.1,clinical
GCA_032856785.1,clinical
GCA_030290015.1,clinical
GCA_030290135.1,clinical
GCA_030337595.1,clinical
GCA_030354205.1,unknown
GCA_030354225.1,unknown
GCA_030356215.1,unknown
GCA_030408955.1,other
GCA_032553895.1,non_clinical
GCA_032395345.1,clinical
GCA_032394425.1,other
GCA_032363555.1,clinical
GCA_032362795.1,clinical
GCA_030534035.1,other
GCA_032322415.1,clinical
GCA_030551545.1,non_clinical
GCA_032031355.1,other
GCA_032029895.1,other
GCA_032026305.1,clinical
GCA_030676615.1,unknown
GCA_031904105.1,other
GCA_031248795.1,other
GCA_031347145.1,unknown
GCA_031621975.1,clinical
GCA_032004145.1,clinical
GCA_032116575.1,clinical
GCA_032114675.1,clinical
GCA_032112665.1,clinical
GCA_032109805.1,clinical
GCA_032107965.1,clinical
GCA_031933425.1,unknown
GCA_031934325.1,non_clinical
GCA_032459835.1,clinical
GCA_032654285.1,clinical
GCA_032909905.1,clinical
GCA_033444505.1,clinical
GCA_033496455.1,unknown
GCA_033567775.1,unknown
GCA_033536735.1,unknown
GCA_033535135.1,clinical
GCA_033563115.1,clinical
GCA_033533695.1,clinical
GCA_033531915.1,clinical
GCA_033518215.1,unknown
GCA_033556555.1,unknown
GCA_033556275.1,unknown
GCA_033518055.1,unknown
GCA_033517315.1,unknown
GCA_033647765.1,unknown
GCA_033652205.1,unknown
GCA_033917545.1,other
GCA_033916885.1,clinical
GCA_033915965.1,clinical
GCA_033914615.1,clinical
GCA_033914345.1,clinical
GCA_033905655.1,clinical
GCA_033905565.1,clinical
GCA_033958925.1,clinical
GCA_033958025.1,clinical
GCA_033957045.1,clinical
GCA_033956905.1,clinical
GCA_033994245.1,clinical
GCA_034001665.1,clinical
GCA_033994625.1,clinical
GCA_034019695.1,clinical
GCA_033996245.1,clinical
GCA_033992265.1,clinical
GCA_034018455.1,clinical
GCA_034409115.1,clinical
GCA_034411775.1,clinical
GCA_034479795.1,clinical
GCA_034718655.1,clinical
GCA_035788875.1,clinical
GCA_036041935.1,unknown
GCA_042809925.1,unknown
GCA_036531795.1,clinical
GCA_036531895.1,clinical
GCA_036532615.1,clinical
GCA_044973845.1,other
GCA_044973565.1,clinical
GCA_042841955.1,other
GCA_042857265.1,other
GCA_042857085.1,other
GCA_042936765.1,other
GCA_042916435.1,other
GCA_042907425.1,other
GCA_042898575.1,other
GCA_042877905.1,other
GCA_042904185.1,other
GCA_042858365.1,other
GCA_042895205.1,other
GCA_042894935.1,other
GCA_042860595.1,other
GCA_042867665.1,other
GCA_037020545.1,clinical
GCA_037021585.1,clinical
GCA_037217245.1,clinical
GCA_963993725.1,clinical
GCA_963995025.1,clinical
GCA_042982015.1,other
GCA_037990005.1,other
GCA_037991215.1,other
GCA_037992385.1,unknown
GCA_037992845.1,unknown
GCA_042996285.1,clinical
GCA_042997565.1,clinical
GCA_043007445.1,unknown
GCA_038784845.1,clinical
GCA_039032855.1,unknown
GCA_039204605.1,clinical
GCA_039209275.1,clinical
GCA_039211285.1,clinical
GCA_039522825.1,clinical
GCA_039891355.1,unknown
GCA_040256705.1,clinical
GCA_040578455.1,clinical
GCA_043998755.1,non_clinical
GCA_040705355.1,unknown
GCA_043221755.1,unknown
GCA_043221595.1,unknown
GCA_043219495.1,unknown
GCA_040718295.1,unknown
GCA_040718475.1,unknown
GCA_040721115.1,unknown
GCA_040721315.1,unknown
GCA_043257585.1,other
GCA_040787545.1,unknown
GCA_040787765.1,unknown
GCA_040983865.1,clinical
GCA_043379515.1,other
GCA_044412985.1,clinical
GCA_044412845.1,clinical
GCA_045199695.1,clinical
GCA_043669355.1,clinical
GCA_043668535.1,clinical
GCA_043668385.1,clinical
GCA_043668375.1,clinical
GCA_043667355.1,clinical
GCA_043666855.1,clinical
GCA_043666375.1,clinical
GCA_044265395.1,other
GCA_041321335.1,unknown
GCA_041321815.1,unknown
GCA_041356255.1,clinical
GCA_043567975.1,non_clinical
GCA_043542345.1,non_clinical
GCA_043556505.1,non_clinical
GCA_043553575.1,non_clinical
GCA_043552595.1,clinical
GCA_043543355.1,non_clinical
GCA_043540135.1,non_clinical
GCA_043532555.1,clinical
GCA_043528015.1,non_clinical
GCA_043564245.1,other
GCA_041923565.1,other
GCA_041924465.1,other
GCA_041924645.1,clinical
GCA_042851765.1,unknown
GCA_042864995.1,other
GCA_043844895.1,clinical
GCA_044158865.1,clinical
GCA_044158565.1,clinical
GCA_044086365.1,clinical
GCA_044157185.1,clinical
GCA_043952475.1,unknown
GCA_044133425.1,clinical
GCA_044462505.1,other
GCA_044477705.1,clinical
GCA_044474145.1,clinical
GCA_044326025.1,unknown
GCA_044847285.1,clinical
GCA_044647235.1,clinical
GCA_044662845.1,other
GCA_044661865.1,clinical
GCA_044661445.1,clinical
GCA_044656485.1,clinical
GCA_044656425.1,clinical
GCA_044662305.1,clinical
GCA_044654705.1,clinical
GCA_044655625.1,clinical
GCA_044655425.1,clinical
GCA_044655065.1,clinical
GCA_044645055.1,clinical
GCA_044898395.1,unknown
GCA_044900065.1,unknown
GCA_044902785.1,unknown
GCA_045305535.1,clinical
GCA_045523025.1,clinical
GCA_045519285.1,clinical
GCA_045517215.1,clinical
GCA_045516315.1,clinical
GCA_045303475.1,clinical
GCA_045515855.1,clinical
GCA_045583915.1,clinical
GCA_045579945.1,clinical
GCA_964302295.1,other
GCA_045746865.1,clinical
GCA_045746415.1,clinical
GCA_045745465.1,clinical
GCA_045689525.1,clinical
GCA_045944895.1,clinical
GCA_045910215.1,non_clinical
GCA_045910535.1,non_clinical
GCA_046197375.1,unknown
GCA_046197135.1,unknown
GCA_046202985.1,unknown
GCA_046196215.1,unknown
GCA_046100995.1,unknown
GCA_046195475.1,unknown
GCA_046194825.1,unknown
GCA_046177505.1,unknown
GCA_046176595.1,unknown
GCA_046175555.1,unknown
GCA_046175405.1,unknown
GCA_046174645.1,unknown
GCA_046172425.1,unknown
GCA_046166985.1,unknown
GCA_046101845.1,clinical
GCA_046500005.1,clinical
GCA_046500255.1,clinical
GCA_046741735.1,unknown
GCA_046742105.1,unknown
GCA_047390285.1,other
GCA_047391045.1,other
GCA_047524475.1,clinical
GCA_047526095.1,clinical
GCA_047526705.1,clinical
GCA_048014495.1,clinical
GCA_048010045.1,clinical
GCA_048008695.1,clinical
GCA_048008085.1,clinical
GCA_048080555.1,unknown
GCA_048076655.1,unknown
GCA_048075895.1,unknown
GCA_048075975.1,unknown
GCA_048084655.1,unknown
GCA_048086865.1,unknown
GCA_964290325.1,non_clinical
GCA_049091715.1,unknown
GCA_049090575.1,unknown
GCA_049087935.1,unknown
GCA_049087695.1,unknown
GCA_049087455.1,unknown
GCA_049074805.1,other
GCA_049074325.1,clinical
GCA_049073845.1,other
GCA_049072585.1,other
GCA_049072285.1,other
GCA_049072105.1,other
GCA_049059865.1,clinical
GCA_049059445.1,clinical
GCA_049050605.1,other
GCA_049048005.1,other
GCA_049019405.1,other
GCA_049019285.1,other
GCA_049017605.1,other
GCA_049016895.1,other
GCA_049015685.1,other
GCA_049004155.1,other
GCA_048996655.1,clinical
GCA_048988705.1,clinical
GCA_048949395.1,clinical
GCA_048922755.1,clinical
GCA_048922535.1,clinical
GCA_048918815.1,clinical
GCA_048917505.1,clinical
GCA_048915785.1,clinical
GCA_048913185.1,clinical
GCA_048912525.1,clinical
GCA_048909665.1,clinical
GCA_048905775.1,clinical
GCA_048900845.1,clinical
GCA_048887845.1,clinical
GCA_048887305.1,clinical
GCA_048762875.1,unknown
GCA_048760595.1,unknown
GCA_048759995.1,unknown
GCA_048756675.1,clinical
GCA_048754585.1,clinical
GCA_048752475.1,clinical
GCA_048745315.1,unknown
GCA_048745235.1,unknown
GCA_048737945.1,unknown
GCA_048736895.1,unknown
GCA_048736415.1,unknown
GCA_048736275.1,unknown
GCA_048734835.1,unknown
GCA_048730355.1,unknown
GCA_048721895.1,clinical
GCA_048721515.1,clinical
GCA_048721435.1,clinical
GCA_048721195.1,clinical
GCA_048719675.1,clinical
GCA_048944975.1,clinical
GCA_048714495.1,clinical
GCA_048712405.1,clinical
GCA_048710435.1,clinical
GCA_048709435.1,clinical
GCA_048708295.1,clinical
GCA_048707165.1,clinical
GCA_048706065.1,clinical
GCA_048703375.1,clinical
GCA_048700235.1,clinical
GCA_048699575.1,clinical
GCA_048627565.1,clinical
GCA_048864165.1,non_clinical
GCA_048863985.1,unknown
GCA_048863225.1,other
GCA_048862145.1,other
GCA_048797965.1,other
GCA_048802185.1,unknown
GCA_048800345.1,unknown
GCA_048802105.1,unknown
GCA_049150265.1,clinical
GCA_049147445.1,clinical
GCA_049361455.1,clinical
GCA_049376165.1,clinical
GCA_049367195.1,clinical
GCA_049386605.1,unknown
GCA_049377045.1,other
GCA_049381825.1,unknown
GCA_049384185.1,unknown
GCA_049682115.1,clinical
GCA_049847965.1,unknown
GCA_049850105.1,unknown
GCA_049925415.1,other
GCA_049936075.1,other
GCA_049934595.1,other
GCA_049933135.1,other
GCA_049935275.1,other
GCA_049920715.1,other
GCA_049920315.1,other
GCA_049918275.1,other
GCA_049900245.1,unknown
GCA_050104715.1,clinical
GCA_050103155.1,clinical
GCA_050270595.1,other
GCA_050352695.1,other
GCA_050646855.1,clinical
GCA_050705635.1,clinical
GCA_050643485.1,clinical
GCA_050642945.1,other
GCA_050637615.1,clinical
GCA_050637325.1,clinical
GCA_050636005.1,clinical
GCA_050812085.1,clinical
GCA_050811325.1,other
GCA_050810865.1,other
GCA_050808205.1,other
GCA_050807085.1,other
GCA_050837815.1,other
GCA_050832795.1,clinical
GCA_051121915.1,clinical
GCA_051179125.1,non_clinical
GCA_051161595.1,other
GCA_051272635.1,clinical
GCA_051273825.1,clinical
GCA_051404675.1,non_clinical
GCA_051438325.1,non_clinical
GCA_051432845.1,other
GCA_051428865.1,non_clinical
GCA_051427075.1,non_clinical
GCA_051425635.1,other
GCA_051474965.1,unknown
GCA_051639325.1,other
GCA_051750345.1,unknown
GCA_051985955.1,other
GCA_052017725.1,unknown
GCA_052061775.1,other
GCA_052062995.1,other
GCA_052112885.1,clinical
GCA_052125455.1,other
GCA_052553215.1,non_clinical
GCA_052590935.1,unknown
GCA_052793045.1,unknown
GCA_052791085.1,unknown
GCA_052790805.1,unknown
GCA_052784105.1,unknown
GCA_052782505.1,unknown
GCA_052776965.1,unknown
GCA_052773905.1,unknown
GCA_052760965.1,unknown
GCA_052759645.1,unknown
GCA_052759365.1,unknown
GCA_052756965.1,unknown
GCA_052754745.1,unknown
GCA_052753325.1,unknown
GCA_053172235.1,other
GCA_053172315.1,other
GCA_053172855.1,other
GCA_053252485.1,clinical
GCA_053547455.1,non_clinical
GCA_053649525.1,clinical
GCA_053730275.1,other
GCA_053729355.1,clinical
GCA_053727095.1,other
GCA_053728125.1,unknown
GCA_053760505.1,other
GCA_053959695.1,clinical
GCA_053935765.1,clinical
GCA_053994775.1,clinical
GCA_054107645.1,clinical
GCA_054160815.1,unknown
GCA_054143265.1,clinical
GCA_054359195.1,clinical
GCA_054359655.1,clinical
GCA_054360155.1,clinical
GCA_054554945.1,other
GCA_054555805.1,other
GCA_054826975.1,unknown
GCA_054589495.1,clinical
GCA_054658655.1,clinical
GCA_054735705.1,clinical
GCA_054762185.1,non_clinical
GCA_054840325.1,unknown
GCA_054839635.1,unknown
GCA_054835175.1,unknown
GCA_054834915.1,unknown
GCA_054833935.1,unknown
GCA_054836855.1,unknown
GCA_977888105.1,clinical
GCA_977888235.1,other
GCA_054968625.1,clinical
