gene,importance
group_3176,0.08897722
group_159,0.08394411
group_1316,0.07889608
thsB1,0.07873348
group_3044,0.0698703
group_119,0.05964289
group_2433,0.052118964
group_2620,0.0440544
group_847,0.031242695
group_1189,0.027170435
group_3115,0.026781147
group_1474,0.023909515
graF_1~~~graF,0.023468077
group_2394,0.023033438
group_878,0.018088037
cas6,0.017821904
group_3147,0.01707743
group_1648,0.016948424
group_230,0.016852558
group_3141,0.016617965
group_2439,0.015872987
group_944,0.015802542
group_1567,0.014253909
group_1340,0.014099429
lysK~~~lysK_1~~~lysK_2,0.01143826
group_1548,0.0102459565
group_3031,0.010211788
lytN_2~~~lytN~~~lytN_1,0.0091259675
sspP~~~sspP_2~~~sspP_1,0.0081984205
guaB_2~~~guaB_1,0.008122863
group_329,0.007975767
group_1460,0.0075078383
group_97,0.007153707
thsA_1~~~thsA_2~~~thsA,0.0067676445
group_961,0.005686404
arsC~~~arsC_2~~~arsC_1,0.0055868956
group_486,0.0050262786
group_3062,0.0044928812
group_25,0.0043611364
group_1074,0.0032187696
ppaX~~~indB_3~~~indB_1~~~indB_2,0.0027661766
group_3111,0.001991287
group_3138,0.001831798
group_1127,0.0011168587
group_1195,0.00092786865
group_1605,0.0006964426
group_234,0.00027109086
group_1476,0.0
group_37,0.0
group_162,0.0
