,cluster
GCA_029665625.1_ASM2966562v1_genomic,0
GCA_040721315.1_ASM4072131v1_genomic,0
GCA_026515885.1_PDT001502038.1_genomic,0
GCA_046176595.1_PDT002533324.1_genomic,0
GCA_046195475.1_PDT002532737.1_genomic,0
GCA_032553895.1_PDT001814148.1_genomic,3
GCA_032909905.1_ASM3290990v1_genomic,0
GCA_900082455.1_12673_5_12_genomic,0
GCA_043564245.1_PDT002340584.2_genomic,0
GCA_026503465.1_PDT001499585.5_genomic,0
GCA_033533695.1_PDT001976159.1_genomic,0
GCA_053172315.1_ASM5317231v1_genomic,0
GCA_027968365.1_PDT001578603.1_genomic,0
GCA_027983445.1_PDT001578335.1_genomic,0
GCA_044662305.1_PDT002458545.1_genomic,0
GCA_028084335.1_PDT001583086.1_genomic,0
GCA_033994245.1_PDT002011294.1_genomic,0
GCA_048010045.1_PDT002630791.1_genomic,0
GCA_053728125.1_PDT002999057.1_genomic,5
GCA_049933135.1_PDT002730098.1_genomic,0
GCA_028986485.1_PDT001642539.1_genomic,0
GCA_900020455.1_7521_6_65_genomic,0
GCA_000595285.1_Stap_aure_DAR5802_V1_genomic,0
GCA_049091715.1_PDT002652017.1_genomic,2
GCA_045746415.1_PDT002512827.1_genomic,0
GCA_054360155.1_ASM5436015v1_genomic,0
GCA_048014495.1_PDT002630576.1_genomic,0
GCA_044158865.1_PDT002440160.1_genomic,0
GCA_025245345.1_ASM2524534v1_genomic,0
GCA_048745235.1_PDT002671247.1_genomic,0
GCA_035788875.1_ASM3578887v1_genomic,0
GCA_902723675.1_11076_2_55_genomic,4
GCA_027799055.1_PDT001559905.1_genomic,0
GCA_029404035.1_PDT001667962.1_genomic,0
GCA_048996655.1_PDT002657432.1_genomic,0
GCA_033496455.1_PDT001975261.1_genomic,3
GCA_027759445.1_PDT001565873.1_genomic,0
GCA_029948515.1_ASM2994851v1_genomic,0
GCA_027999345.1_PDT001579864.1_genomic,0
GCA_026911465.1_PDT001527068.1_genomic,0
GCA_027851615.1_PDT001572476.1_genomic,0
GCA_048900845.1_PDT002661782.1_genomic,0
GCA_027199685.1_PDT001540629.1_genomic,0
GCA_046175555.1_PDT002533407.1_genomic,0
GCA_027362575.1_PDT001547105.1_genomic,0
GCA_020588235.1_ASM2058823v1_genomic,5
GCA_048922535.1_PDT002660826.1_genomic,0
GCA_015580135.1_PDT000811513.1_genomic,0
GCA_019717175.1_ASM1971717v1_genomic,0
GCA_900044945.1_7712_8_64_genomic,0
GCA_039891355.1_ASM3989135v1_genomic,0
GCA_027765005.1_PDT001568997.1_genomic,0
GCA_016833775.1_ASM1683377v1_genomic,0
GCA_000442355.1_SA16_genome_assembly_genomic,0
GCA_048736415.1_PDT002671467.1_genomic,0
GCA_045745465.1_PDT002512870.1_genomic,0
GCA_026441055.1_PDT001500958.1_genomic,0
GCA_003720995.1_ASM372099v1_genomic,0
GCA_027287145.1_PDT001546198.1_genomic,0
GCA_033518215.1_PDT001976683.1_genomic,0
GCA_026595895.1_PDT001508895.1_genomic,0
GCA_054143265.1_PDT003034322.1_genomic,0
GCA_903799535.1_20596_6_114_genomic,0
GCA_027787865.1_PDT001568054.1_genomic,0
GCA_027196565.1_PDT001540451.1_genomic,0
GCA_016621825.1_ASM1662182v1_genomic,0
GCA_031904105.1_PDT001844713.1_genomic,0
GCA_028011045.1_PDT001575609.1_genomic,0
GCA_054554945.1_PDT003059322.1_genomic,0
GCA_028079915.1_PDT001583497.1_genomic,0
GCA_029951485.1_ASM2995148v1_genomic,0
GCA_032026305.1_PDT001836331.1_genomic,0
GCA_027164685.1_PDT001539559.1_genomic,0
GCA_028804235.1_ASM2880423v1_genomic,0
GCA_026595955.1_PDT001508893.1_genomic,0
GCA_043007445.1_PDT002143721.1_genomic,0
GCA_015580555.1_PDT000811459.1_genomic,0
GCA_026975725.1_PDT001536037.1_genomic,0
GCA_033776735.1_PDT001715657.1_genomic,0
GCA_027125415.1_PDT001532731.1_genomic,0
GCA_028334465.1_PDT001597674.1_genomic,0
GCA_028082935.1_PDT001583132.1_genomic,5
GCA_048800345.1_PDT002679835.1_genomic,0
GCA_902716795.1_5985_4_5_genomic,4
GCA_027732125.1_PDT001565440.1_genomic,0
GCA_027774605.1_PDT001568898.1_genomic,0
GCA_044656425.1_PDT002458541.1_genomic,0
GCA_000568455.1_ASM56845v1_genomic,0
GCA_027002235.1_PDT001536920.1_genomic,0
GCA_048862145.1_PDT002679393.1_genomic,0
GCA_050646855.1_PDT002789376.1_genomic,0
GCA_028940565.1_PDT001644612.1_genomic,0
GCA_043666855.1_PDT002287126.1_genomic,0
GCA_052791085.1_PDT002929088.1_genomic,0
GCA_900018735.1_7414_8_10_genomic,0
GCA_028131705.1_PDT001589790.1_genomic,0
GCA_028923205.1_PDT001645323.1_genomic,0
GCA_027883485.1_PDT001568667.1_genomic,0
GCA_026446825.1_PDT001500488.1_genomic,0
GCA_043567975.1_PDT002339269.1_genomic,0
GCA_048887845.1_PDT002662052.1_genomic,0
GCA_026745185.1_PDT001516138.1_genomic,0
GCA_032114675.1_PDT001903664.1_genomic,0
GCA_026927275.1_PDT001528471.1_genomic,0
GCA_020297165.1_ASM2029716v1_genomic,0
GCA_021328615.1_ASM2132861v1_genomic,4
GCA_029422935.1_PDT001670206.1_genomic,0
GCA_027140495.1_PDT001538338.1_genomic,0
GCA_050270595.1_PDT002759567.1_genomic,0
GCA_027627885.1_PDT001561840.1_genomic,0
GCA_027226545.1_PDT001541128.1_genomic,0
GCA_028934845.1_PDT001644827.1_genomic,0
GCA_042997565.1_PDT002139898.1_genomic,0
GCA_018214545.1_ASM1821454v1_genomic,0
GCA_048802185.1_PDT002679791.1_genomic,0
GCA_000547885.1_Stap_aure_M0768_V1_genomic,0
GCA_903806165.1_21631_7_139_genomic,0
GCA_027012765.1_PDT001536793.1_genomic,0
GCA_026941675.1_PDT001529011.1_genomic,5
GCA_019019065.1_ASM1901906v1_genomic,0
GCA_902714345.1_4950_3_11_genomic,4
GCA_014835985.1_ASM1483598v1_genomic,0
GCA_050810865.1_PDT002795954.1_genomic,0
GCA_000607745.1_Stap_aure_DAR3592_V1_genomic,0
GCA_029822115.1_PDT001691365.1_genomic,0
GCA_000555325.1_Stap_aure_M0377_V1_genomic,0
GCA_027783825.1_PDT001568291.1_genomic,0
GCA_027983005.1_PDT001578349.1_genomic,0
GCA_037020545.1_ASM3702054v1_genomic,0
GCA_024454205.1_ASM2445420v1_genomic,0
GCA_026842895.1_PDT001520451.1_genomic,0
GCA_027511845.1_PDT001554740.1_genomic,0
GCA_977888235.1_ASM97788823v1_genomic,0
GCA_045519285.1_PDT002484834.1_genomic,0
GCA_027033795.1_PDT001534952.1_genomic,0
GCA_026955175.1_PDT001529372.1_genomic,0
GCA_028076535.1_PDT001583237.1_genomic,0
GCA_044086365.1_PDT002440248.1_genomic,0
GCA_963995025.1_FFDD_575834L361.2_genomic,0
GCA_027530625.1_PDT001553301.1_genomic,0
GCA_026729855.1_PDT001515908.1_genomic,0
GCA_018681875.1_ASM1868187v1_genomic,0
GCA_000535695.1_Stap_aure_M1075_V1_genomic,0
GCA_027131055.1_PDT001532550.1_genomic,0
GCA_048802105.1_PDT002679838.1_genomic,0
GCA_016015315.1_ASM1601531v1_genomic,0
GCA_027628405.1_PDT001561813.1_genomic,0
GCA_042858365.1_PDT002091034.1_genomic,0
GCA_045689525.1_BSN90_genomic,0
GCA_028451735.1_PDT001601646.1_genomic,0
GCA_015593855.1_PDT000655935.1_genomic,0
GCA_900124925.1_17138_2_42_genomic,3
GCA_052759365.1_PDT002931119.1_genomic,0
GCA_026817745.1_PDT001522354.1_genomic,0
GCA_000528115.1_Stap_aure_M0659_V1_genomic,0
GCA_026608955.1_PDT001508629.1_genomic,0
GCA_040718295.1_ASM4071829v1_genomic,0
GCA_013504825.1_ASM1350482v1_genomic,4
GCA_026879245.1_PDT001524926.1_genomic,0
GCA_054555805.1_PDT003059346.1_genomic,0
GCA_044647235.1_PDT002458131.1_genomic,0
GCA_049048005.1_PDT002654866.1_genomic,0
GCA_028009755.1_PDT001575666.1_genomic,0
GCA_027519745.1_PDT001554332.1_genomic,0
GCA_027966365.1_PDT001578711.1_genomic,0
GCA_045517215.1_PDT002484996.1_genomic,0
GCA_048752475.1_PDT002670882.1_genomic,0
GCA_033916885.1_PDT001998166.1_genomic,0
GCA_026813625.1_PDT001522604.1_genomic,0
GCA_046101845.1_ASM4610184v1_genomic,0
GCA_027534085.1_PDT001553243.1_genomic,0
GCA_002225135.1_ASM222513v1_genomic,0
GCA_033647765.1_PDT001984311.1_genomic,0
GCA_041923565.1_ASM4192356v1_genomic,0
GCA_042936765.1_PDT002090435.1_genomic,5
GCA_026429835.1_PDT001501564.1_genomic,0
GCA_011028375.1_ASM1102837v1_genomic,0
GCA_033536735.1_PDT001975799.1_genomic,0
GCA_050103155.1_PDT002748261.1_genomic,0
GCA_027061045.1_PDT001534702.1_genomic,0
GCA_048863225.1_PDT002679332.1_genomic,0
GCA_032029895.1_PDT001836281.1_genomic,0
GCA_027778485.1_PDT001568752.1_genomic,5
GCA_028958045.1_PDT001643813.1_genomic,0
GCA_004137725.1_ASM413772v1_genomic,0
GCA_027842435.1_PDT001571790.1_genomic,0
GCA_019408925.1_PDT001098260.1_genomic,0
GCA_048703375.1_PDT002673661.1_genomic,0
GCA_043540135.1_PDT002339603.1_genomic,0
GCA_030354205.1_ASM3035420v1_genomic,0
GCA_027358275.1_PDT001547280.1_genomic,0
GCA_041924465.1_ASM4192446v1_genomic,5
GCA_049920315.1_PDT002730485.1_genomic,0
GCA_027990825.1_PDT001578089.1_genomic,0
GCA_028986285.1_PDT001642548.1_genomic,0
GCA_050642945.1_PDT002789594.1_genomic,0
GCA_026504205.1_PDT001499263.5_genomic,0
GCA_019713835.1_ASM1971383v1_genomic,0
GCA_026756395.1_PDT001517436.1_genomic,5
GCA_001210985.1_7748_4_74_genomic,0
GCA_042898575.1_PDT002090704.1_genomic,5
GCA_027163165.1_PDT001532043.1_genomic,0
GCA_049376165.1_PDT002709913.1_genomic,0
GCA_900057305.1_7554_6_85_genomic,0
GCA_021479585.1_ASM2147958v1_genomic,0
GCA_027225845.1_PDT001541393.1_genomic,0
GCA_018586285.1_PDT001049443.1_genomic,0
GCA_049381825.1_ASM4938182v1_genomic,0
GCA_026868135.1_PDT001524370.1_genomic,0
GCA_026958515.1_PDT001529298.1_genomic,0
GCA_000575505.1_Stap_aure_M1149_V1_genomic,0
GCA_052062995.1_ASM5206299v1_genomic,0
GCA_052061775.1_ASM5206177v1_genomic,0
GCA_002982855.1_ASM298285v1_genomic,0
GCA_029595945.1_PDT001679652.1_genomic,0
GCA_029390635.1_PDT001669472.1_genomic,0
GCA_027704085.1_PDT001563452.1_genomic,0
GCA_903799045.1_20596_6_64_genomic,0
GCA_015729295.1_ASM1572929v1_genomic,0
GCA_053252485.1_ASM5325248v1_genomic,0
GCA_028421145.1_PDT001600357.1_genomic,0
GCA_900046025.1_7748_6_23_genomic,0
GCA_025563115.1_ASM2556311v1_genomic,0
GCA_900039135.1_7521_6_15_genomic,0
GCA_009750515.1_ASM975051v1_genomic,0
GCA_003419765.1_ASM341976v1_genomic,0
GCA_027362935.1_PDT001547062.1_genomic,0
GCA_026336555.1_PDT001494171.1_genomic,0
GCA_027477515.1_PDT001550218.1_genomic,0
GCA_054968625.1_ASM5496862v1_genomic,0
GCA_000643795.1_Stap_aure_VET0337R_V1_genomic,5
GCA_023854825.1_ASM2385482v1_genomic,0
GCA_047391045.1_ASM4739104v1_genomic,0
GCA_051750345.1_PDT002860424.1_genomic,5
GCA_027461165.1_PDT001547038.1_genomic,0
GCA_021012265.1_ASM2101226v1_genomic,0
GCA_902720855.1_12083_8_74_genomic,4
GCA_049087455.1_PDT002652218.1_genomic,2
GCA_043542345.1_PDT002339369.1_genomic,0
GCA_028294475.1_PDT001596665.1_genomic,0
GCA_021484105.1_ASM2148410v1_genomic,5
GCA_027637445.1_PDT001561613.1_genomic,0
GCA_050352695.1_ASM5035269v1_genomic,0
GCA_027504525.1_PDT001555110.1_genomic,0
GCA_027778005.1_PDT001568776.1_genomic,0
GCA_052017725.1_PDT002877533.1_genomic,2
GCA_027243055.1_PDT001540342.1_genomic,0
GCA_032856785.1_PDT001778420.1_genomic,0
GCA_028965665.1_PDT001643493.1_genomic,0
GCA_903807835.1_22114_8_22_genomic,0
GCA_019756935.1_ASM1975693v1_genomic,5
GCA_023593265.1_PDT001316938.1_genomic,0
GCA_014117165.1_ASM1411716v1_genomic,0
GCA_024900115.1_ASM2490011v1_genomic,0
GCA_026921915.1_PDT001528543.1_genomic,0
GCA_042864995.1_ASM4286499v1_genomic,0
GCA_903808455.1_22114_8_84_genomic,0
GCA_029526865.1_ASM2952686v1_genomic,0
GCA_048949395.1_PDT002660664.1_genomic,0
GCA_027961345.1_PDT001578903.1_genomic,0
GCA_026604895.1_PDT001507481.1_genomic,0
GCA_028920705.1_PDT001645386.1_genomic,0
GCA_032004145.1_PDT001901940.1_genomic,0
GCA_048737945.1_PDT002671395.1_genomic,0
GCA_902714535.1_5985_2_10_genomic,4
GCA_023361635.1_PDT001307544.1_genomic,3
GCA_049377045.1_ASM4937704v1_genomic,0
GCA_054834915.1_PDT003073694.1_genomic,0
GCA_043998755.1_PDT002247920.1_genomic,0
GCA_054762185.1_PDT003069768.1_genomic,0
GCA_028214015.1_PDT001595881.1_genomic,0
GCA_049019405.1_PDT002655782.1_genomic,5
GCA_049850105.1_ASM4985010v1_genomic,0
GCA_051404675.1_PDT002838015.1_genomic,3
GCA_043667355.1_PDT002287103.1_genomic,0
GCA_014694985.1_ASM1469498v1_genomic,0
GCA_044900065.1_ASM4490006v1_genomic,0
GCA_027824135.1_PDT001559349.1_genomic,0
GCA_049361455.1_PDT002709883.1_genomic,0
GCA_018210265.1_ASM1821026v1_genomic,0
GCA_047526095.1_ASM4752609v1_genomic,0
GCA_003001485.1_ASM300148v1_genomic,5
GCA_026979355.1_PDT001535910.1_genomic,0
GCA_018912445.1_ASM1891244v1_genomic,0
GCA_027799415.1_PDT001559886.1_genomic,0
GCA_032221565.1_PDT001712956.1_genomic,0
GCA_903810805.1_22139_5_131_genomic,0
GCA_032282425.1_PDT001654375.1_genomic,0
GCA_026511785.1_PDT001502325.1_genomic,0
GCA_039211285.1_ASM3921128v1_genomic,0
GCA_027656125.1_PDT001563731.1_genomic,0
GCA_018811305.1_PDT001048943.1_genomic,5
GCA_051121915.1_PDT002815823.1_genomic,0
GCA_027956665.1_PDT001579298.1_genomic,0
GCA_033776955.1_PDT001715643.1_genomic,0
GCA_027756765.1_PDT001566126.1_genomic,0
GCA_028386795.1_PDT001598745.1_genomic,0
GCA_050832795.1_PDT002797971.1_genomic,0
GCA_048076655.1_PDT002642301.1_genomic,0
GCA_049072585.1_PDT002653715.1_genomic,0
GCA_025559785.1_ASM2555978v1_genomic,3
GCA_027118595.1_PDT001533000.1_genomic,0
GCA_015606505.1_PDT000444281.1_genomic,0
GCA_033914345.1_PDT001998293.1_genomic,0
GCA_021698295.1_PDT001232005.1_genomic,0
GCA_900018015.1_7521_5_21_genomic,0
GCA_900098245.1_9119_2_54_genomic,0
GCA_032283165.1_PDT001654357.1_genomic,0
GCA_030290135.1_ASM3029013v1_genomic,0
GCA_900483685.1_8140_1_16_genomic,0
GCA_030551545.1_ASM3055154v1_genomic,5
GCA_027131955.1_PDT001532528.1_genomic,0
GCA_033780955.1_PDT001715415.1_genomic,0
GCA_033905655.1_PDT001998731.1_genomic,0
GCA_046177505.1_PDT002533278.1_genomic,0
GCA_029414535.1_PDT001669847.1_genomic,0
GCA_902715005.1_5985_7_6_genomic,4
GCA_054735705.1_PDT003067792.1_genomic,0
GCA_045523025.1_PDT002484534.1_genomic,0
GCA_026638835.1_PDT001511251.1_genomic,0
GCA_026812445.1_PDT001522666.1_genomic,0
GCA_027244295.1_PDT001530391.1_genomic,0
GCA_027782825.1_PDT001568369.1_genomic,0
GCA_045583915.1_PDT002485212.1_genomic,0
GCA_046741735.1_ASM4674173v1_genomic,0
GCA_902718085.1_12054_7_82_genomic,4
GCA_027647465.1_PDT001562606.1_genomic,5
GCA_028921185.1_PDT001645364.1_genomic,0
GCA_029387915.1_PDT001669615.1_genomic,0
GCA_029852345.1_ASM2985234v1_genomic,0
GCA_019103145.1_ASM1910314v1_genomic,0
GCA_018336515.1_ASM1833651v1_genomic,0
GCA_027057635.1_PDT001534750.1_genomic,0
GCA_000637155.1_Stap_aure_18439-17_V1_genomic,5
GCA_033905565.1_PDT001998736.1_genomic,0
GCA_019122335.1_ASM1912233v1_genomic,0
GCA_045910535.1_ASM4591053v1_genomic,0
GCA_027816515.1_PDT001569202.1_genomic,0
GCA_029834355.1_PDT001692847.1_genomic,0
GCA_027539865.1_PDT001556336.1_genomic,0
GCA_054839635.1_PDT003073552.1_genomic,0
GCA_052790805.1_PDT002929104.1_genomic,3
GCA_027210225.1_PDT001541445.1_genomic,0
GCA_000535115.1_Stap_aure_M0873_V1_genomic,0
GCA_053547455.1_ASM5354745v1_genomic,0
GCA_026748455.1_PDT001516914.1_genomic,0
GCA_027359795.1_PDT001547228.1_genomic,0
GCA_050807085.1_PDT002796173.1_genomic,5
GCA_033556555.1_PDT001976690.1_genomic,0
GCA_000533815.1_Stap_aure_M0410_V1_genomic,0
GCA_032266235.1_PDT001711691.1_genomic,0
GCA_028387555.1_PDT001598714.1_genomic,0
GCA_027111075.1_PDT001533465.1_genomic,0
GCA_051432845.1_PDT002838872.1_genomic,3
GCA_002121675.1_ASM212167v1_genomic,0
GCA_026470505.1_PDT001499918.4_genomic,0
GCA_052553215.1_PDT002915434.1_genomic,0
GCA_053649525.1_PDT002991808.1_genomic,0
GCA_033706315.1_PDT001720760.1_genomic,0
GCA_034411775.1_PDT002029793.1_genomic,0
GCA_027712765.1_PDT001562970.1_genomic,0
GCA_052784105.1_PDT002929380.1_genomic,3
GCA_044412985.1_PDT002286593.1_genomic,0
GCA_027778965.1_PDT001568720.1_genomic,5
GCA_001288965.1_11641_1_26_genomic,0
GCA_030534035.1_ASM3053403v1_genomic,0
GCA_028804035.1_ASM2880403v1_genomic,0
GCA_031934325.1_ASM3193432v1_genomic,0
GCA_028078515.1_PDT001583550.1_genomic,0
GCA_027246905.1_PDT001530272.1_genomic,0
GCA_027896955.1_PDT001552113.1_genomic,0
GCA_026938125.1_PDT001529098.1_genomic,5
GCA_040787545.1_ASM4078754v1_genomic,0
GCA_045305535.1_PDT002484501.1_genomic,0
GCA_028003145.1_PDT001576158.1_genomic,0
GCA_027505925.1_PDT001555025.1_genomic,0
GCA_033652205.1_PDT001984318.1_genomic,0
GCA_028467625.1_PDT001606745.1_genomic,3
GCA_045199695.1_PDT002286673.1_genomic,0
GCA_022493095.1_ASM2249309v1_genomic,0
GCA_053730275.1_PDT002998938.1_genomic,3
GCA_000594125.1_Stap_aure_W92100_V1_genomic,0
GCA_026840755.1_PDT001520583.1_genomic,0
GCA_034001665.1_PDT002011323.1_genomic,0
GCA_020821075.1_ASM2082107v1_genomic,0
GCA_028953225.1_PDT001643946.1_genomic,0
GCA_026637795.1_PDT001511300.1_genomic,0
GCA_025562255.1_ASM2556225v1_genomic,0
GCA_042916435.1_PDT002090606.1_genomic,0
GCA_020589495.1_ASM2058949v1_genomic,0
GCA_030206855.1_ASM3020685v1_genomic,5
GCA_033992265.1_PDT002011616.1_genomic,0
GCA_000541515.1_Stap_aure_KINB6023_V1_genomic,0
GCA_048700235.1_PDT002673827.1_genomic,0
GCA_028390685.1_PDT001598707.1_genomic,0
GCA_900040845.1_7414_8_1_genomic,0
GCA_016829435.1_ASM1682943v1_genomic,0
GCA_017092945.1_PDT000974624.1_genomic,0
GCA_903805805.1_21631_7_100_genomic,0
GCA_016016435.1_ASM1601643v1_genomic,0
GCA_046500255.1_ASM4650025v1_genomic,3
GCA_052773905.1_PDT002930343.1_genomic,0
GCA_028800805.1_PDT001639382.1_genomic,0
GCA_018983085.1_ASM1898308v1_genomic,0
GCA_015581735.1_PDT000811398.1_genomic,0
GCA_028956585.1_PDT001643859.1_genomic,0
GCA_029724455.1_PDT001688718.1_genomic,0
GCA_028904825.1_PDT001647772.1_genomic,0
GCA_033779015.1_PDT001715536.1_genomic,0
GCA_044655425.1_PDT002458658.1_genomic,0
GCA_030354225.1_ASM3035422v1_genomic,0
GCA_028391885.1_PDT001598830.1_genomic,0
GCA_027201185.1_PDT001540641.1_genomic,0
GCA_043552595.1_PDT002339545.1_genomic,3
GCA_046197375.1_PDT002532527.1_genomic,0
GCA_013004085.1_ASM1300408v1_genomic,0
GCA_048721435.1_PDT002672893.1_genomic,0
GCA_029033065.1_PDT001652962.1_genomic,0
GCA_033771455.1_PDT001715931.1_genomic,0
GCA_016832355.1_ASM1683235v1_genomic,4
GCA_900483615.1_8140_1_27_genomic,0
GCA_900018775.1_8728_5_19_genomic,0
GCA_022214265.1_ASM2221426v1_genomic,0
GCA_026826675.1_PDT001521639.1_genomic,0
GCA_027186585.1_PDT001530865.1_genomic,0
GCA_000528615.1_Stap_aure_M0700_V1_genomic,0
GCA_000558305.1_Stap_aure_M0623_V1_genomic,0
GCA_051179125.1_PDT002821163.2_genomic,3
GCA_027282345.1_PDT001546418.1_genomic,4
GCA_026853975.1_PDT001523568.1_genomic,0
GCA_033531915.1_PDT001976304.1_genomic,0
GCA_027778405.1_PDT001568754.1_genomic,0
GCA_048075975.1_PDT002642325.1_genomic,0
GCA_040721115.1_ASM4072111v1_genomic,0
GCA_048944975.1_PDT002673186.1_genomic,0
GCA_009912415.1_ASM991241v1_genomic,0
GCA_013624945.1_ASM1362494v1_genomic,5
GCA_043952475.1_ASM4395247v1_genomic,0
GCA_018983305.1_ASM1898330v1_genomic,0
GCA_050637615.1_PDT002789882.1_genomic,0
GCA_023850165.1_ASM2385016v1_genomic,0
GCA_020821215.1_ASM2082121v1_genomic,0
GCA_042894935.1_PDT002091070.1_genomic,5
GCA_050808205.1_PDT002796107.1_genomic,5
GCA_026866595.1_PDT001524040.1_genomic,0
GCA_031621975.1_PDT001889118.1_genomic,0
GCA_049147445.1_PDT002687766.1_genomic,0
GCA_013367115.1_ASM1336711v1_genomic,0
GCA_028538475.1_PDT001608271.1_genomic,0
GCA_026978535.1_PDT001536101.1_genomic,0
GCA_048988705.1_PDT002658333.1_genomic,0
GCA_030290015.1_ASM3029001v1_genomic,0
GCA_042982015.1_PDT002131602.1_genomic,0
GCA_903798895.1_20596_6_49_genomic,0
GCA_032322415.1_PDT001831797.1_genomic,3
GCA_017099535.1_PDT000974307.1_genomic,0
GCA_028981445.1_PDT001642760.1_genomic,0
GCA_018150355.1_PDT001013956.1_genomic,0
GCA_011007335.1_ASM1100733v1_genomic,0
GCA_044133425.1_ASM4413342v1_genomic,0
GCA_027191925.1_PDT001540549.1_genomic,0
GCA_030676615.1_ASM3067661v1_genomic,0
GCA_027983035.1_PDT001578351.1_genomic,3
GCA_028639635.1_PDT001614558.1_genomic,0
GCA_028959525.1_PDT001643739.1_genomic,0
GCA_048917505.1_PDT002661069.1_genomic,0
GCA_052590935.1_ASM5259093v1_genomic,0
GCA_026726475.1_PDT001515882.1_genomic,0
GCA_027210345.1_PDT001541408.1_genomic,0
GCA_027287165.1_PDT001546199.1_genomic,0
GCA_049367195.1_PDT002710000.1_genomic,0
GCA_033778315.1_PDT001715571.1_genomic,0
GCA_046202985.1_PDT002532581.1_genomic,0
GCA_050705635.1_PDT002789405.1_genomic,0
GCA_049935275.1_PDT002730217.1_genomic,0
GCA_033957045.1_PDT002007812.1_genomic,0
GCA_028981325.1_PDT001642767.1_genomic,0
GCA_026977815.1_PDT001535940.1_genomic,0
GCA_033556275.1_PDT001976732.1_genomic,0
GCA_026662715.1_PDT001512027.1_genomic,5
GCA_033994625.1_PDT002011376.1_genomic,0
GCA_009792375.1_ASM979237v1_genomic,5
GCA_000646575.1_Stap_aure_VET1860R_V1_genomic,5
GCA_900045045.1_7480_7_11_genomic,0
GCA_011060345.1_ASM1106034v1_genomic,0
GCA_044654705.1_PDT002458610.1_genomic,0
GCA_021574535.1_ASM2157453v1_genomic,0
GCA_027758265.1_PDT001565988.1_genomic,0
GCA_903810325.1_22139_5_83_genomic,0
GCA_033781075.1_PDT001715408.1_genomic,0
GCA_026853875.1_PDT001523579.1_genomic,0
GCA_027178315.1_PDT001531282.1_genomic,0
GCA_026840935.1_PDT001520570.1_genomic,0
GCA_000545165.1_Stap_aure_M0907_V1_genomic,0
GCA_048721895.1_PDT002672872.1_genomic,0
GCA_043556505.1_PDT002339418.1_genomic,0
GCA_049015685.1_PDT002655873.1_genomic,0
GCA_027762305.1_PDT001566317.1_genomic,0
GCA_900031655.1_7469_7_37_genomic,0
GCA_015577055.1_PDT000811645.1_genomic,0
GCA_023854005.1_ASM2385400v1_genomic,0
GCA_048915785.1_PDT002661165.1_genomic,0
GCA_049150265.1_PDT002687515.1_genomic,0
GCA_027968475.1_PDT001578598.1_genomic,0
GCA_032116575.1_PDT001903643.1_genomic,0
GCA_009660635.1_ASM966063v1_genomic,0
GCA_028294835.1_PDT001596605.1_genomic,0
GCA_049073845.1_PDT002653651.1_genomic,0
GCA_015610445.2_PDT000184851.2_genomic,0
GCA_043844895.1_ASM4384489v1_genomic,0
GCA_027463185.1_PDT001546884.1_genomic,0
GCA_045944895.1_PDT002526546.1_genomic,0
GCA_027877785.1_PDT001564715.1_genomic,5
GCA_900126415.1_17175_2_8_genomic,0
GCA_026921395.1_PDT001528458.1_genomic,0
GCA_052754745.1_PDT002931639.1_genomic,0
GCA_027789265.1_PDT001567980.1_genomic,0
GCA_011031385.1_ASM1103138v1_genomic,0
GCA_043668385.1_PDT002287052.1_genomic,0
GCA_033958925.1_PDT002007772.1_genomic,0
GCA_044898395.1_ASM4489839v1_genomic,5
GCA_023362335.1_PDT001307553.1_genomic,0
GCA_034018455.1_PDT002011641.1_genomic,0
GCA_053172235.1_ASM5317223v1_genomic,0
GCA_050643485.1_PDT002789554.1_genomic,0
GCA_053935765.1_PDT003022415.1_genomic,0
GCA_003309965.1_ASM330996v1_genomic,0
GCA_027826675.1_PDT001559218.1_genomic,0
GCA_028159345.1_PDT001501400.3_genomic,0
GCA_034718655.1_ASM3471865v1_genomic,0
GCA_028159605.1_PDT001501365.3_genomic,0
GCA_019018685.1_ASM1901868v1_genomic,0
GCA_002225105.1_ASM222510v1_genomic,0
GCA_049682115.1_PDT002718526.1_genomic,0
GCA_049847965.1_ASM4984796v1_genomic,0
GCA_030888965.1_PDT001696616.1_genomic,0
GCA_001352195.1_7738_4_59_genomic,0
GCA_033444505.1_ASM3344450v1_genomic,0
GCA_900057635.1_7414_8_67_genomic,0
GCA_026438875.1_PDT001501074.1_genomic,0
GCA_016832525.1_ASM1683252v1_genomic,4
GCA_015714365.1_ASM1571436v1_genomic,0
GCA_028921125.1_PDT001645369.1_genomic,0
GCA_019099905.1_ASM1909990v1_genomic,0
GCA_019100065.1_ASM1910006v1_genomic,0
GCA_048707165.1_PDT002673554.1_genomic,0
GCA_052753325.1_PDT002931758.1_genomic,0
GCA_027758685.1_PDT001565926.1_genomic,3
GCA_018967765.1_ASM1896776v1_genomic,0
GCA_037991215.1_ASM3799121v1_genomic,0
GCA_026445085.1_PDT001500537.1_genomic,0
GCA_000576855.1_Stap_aure_M36089_V1_genomic,0
GCA_024915885.1_ASM2491588v1_genomic,0
GCA_052760965.1_PDT002930982.1_genomic,0
GCA_029665575.1_ASM2966557v1_genomic,0
GCA_037992845.1_ASM3799284v1_genomic,0
GCA_028010405.1_PDT001575642.1_genomic,0
GCA_029394935.1_PDT001669252.1_genomic,0
GCA_030356215.1_ASM3035621v1_genomic,0
GCA_029764875.1_ASM2976487v1_genomic,0
GCA_903990795.1_107_20668_genomic,0
GCA_015569235.1_PDT000812844.1_genomic,0
GCA_053727095.1_PDT002998993.1_genomic,3
GCA_024897295.1_ASM2489729v1_genomic,0
GCA_011031745.1_ASM1103174v1_genomic,0
GCA_033567775.1_PDT001975753.1_genomic,0
GCA_021576995.1_ASM2157699v1_genomic,4
GCA_026442815.1_PDT001500856.1_genomic,0
GCA_028308205.1_PDT001597455.1_genomic,0
GCA_051639325.1_PDT002847841.1_genomic,0
GCA_029032725.1_PDT001653007.1_genomic,0
GCA_000539795.1_Stap_aure_LAMC0013_V1_genomic,0
GCA_023593945.1_PDT001316918.1_genomic,0
GCA_026444365.1_PDT001500599.1_genomic,0
GCA_025540915.2_PDT001440603.2_genomic,0
GCA_026500765.1_PDT001503183.1_genomic,0
GCA_044462505.1_PDT002450687.1_genomic,0
GCA_028156325.1_PDT001590524.1_genomic,0
GCA_044656485.1_PDT002458535.1_genomic,0
GCA_028466825.1_PDT001606793.1_genomic,5
GCA_032107965.1_PDT001903767.1_genomic,0
GCA_044973565.1_PDT002089893.1_genomic,5
GCA_027248995.1_PDT001530217.1_genomic,0
GCA_012650875.1_ASM1265087v1_genomic,0
GCA_015581635.1_PDT000811404.1_genomic,0
GCA_019124555.1_ASM1912455v1_genomic,0
GCA_048627565.1_ASM4862756v1_genomic,5
GCA_027214865.1_PDT001541222.1_genomic,0
GCA_039032855.1_ASM3903285v1_genomic,3
GCA_028260965.1_PDT001596212.1_genomic,0
GCA_026747555.1_PDT001516985.1_genomic,0
GCA_900250635.1_H1772_genomic,0
GCA_027252775.1_PDT001530085.1_genomic,0
GCA_026491465.1_PDT001503527.1_genomic,0
GCA_026957255.1_PDT001529452.1_genomic,0
GCA_044326025.1_ASM4432602v1_genomic,0
GCA_049920715.1_PDT002730466.1_genomic,5
GCA_030408955.1_ASM3040895v1_genomic,0
GCA_047524475.1_ASM4752447v1_genomic,0
GCA_034019695.1_PDT002011495.1_genomic,0
GCA_019351525.1_ASM1935152v1_genomic,0
GCA_048008085.1_PDT002630895.1_genomic,0
GCA_030241505.1_ASM3024150v1_genomic,0
GCA_028947745.1_PDT001644234.1_genomic,0
GCA_027725665.1_PDT001560997.1_genomic,0
GCA_044474145.1_PDT002451320.1_genomic,0
GCA_026853495.1_PDT001523613.1_genomic,0
GCA_027207205.1_PDT001541397.1_genomic,0
GCA_027536965.1_PDT001553123.1_genomic,0
GCA_900082445.1_12673_5_10_genomic,0
GCA_052759645.1_PDT002931104.1_genomic,0
GCA_026972435.1_PDT001536250.1_genomic,0
GCA_015580475.1_PDT000811463.1_genomic,0
GCA_026494215.1_PDT001503526.1_genomic,0
GCA_040705355.1_ASM4070535v1_genomic,1
GCA_048863985.1_PDT002679291.1_genomic,0
GCA_026482945.1_PDT001499757.5_genomic,0
GCA_026757635.1_PDT001517372.1_genomic,5
GCA_048080555.1_PDT002642210.1_genomic,0
GCA_027143745.1_PDT001532232.1_genomic,0
GCA_044973845.1_PDT002089879.1_genomic,0
GCA_029032785.1_PDT001653001.1_genomic,0
GCA_051985955.1_PDT002874268.1_genomic,0
GCA_046174645.1_PDT002533446.1_genomic,3
GCA_027467925.1_PDT001546569.1_genomic,0
GCA_027476875.1_PDT001550094.1_genomic,0
GCA_041356255.1_ASM4135625v1_genomic,0
GCA_027243725.1_PDT001534450.1_genomic,0
GCA_002850415.1_ASM285041v1_genomic,0
GCA_026863055.1_PDT001524212.1_genomic,4
GCA_054359655.1_ASM5435965v1_genomic,0
GCA_026423855.1_PDT001501772.1_genomic,0
GCA_026493845.1_PDT001503510.1_genomic,0
GCA_963993725.1_FFMG_508-05-21-SA.2_genomic,0
GCA_028943545.1_PDT001644460.1_genomic,0
GCA_000543565.1_Stap_aure_M0779_V1_genomic,0
GCA_026604095.1_PDT001508769.1_genomic,0
GCA_049016895.1_PDT002655846.1_genomic,5
GCA_041924645.1_ASM4192464v1_genomic,0
GCA_026961945.1_PDT001529207.1_genomic,0
GCA_021725475.1_ASM2172547v1_genomic,0
GCA_011026495.1_ASM1102649v1_genomic,0
GCA_050811325.1_PDT002795925.1_genomic,0
GCA_043543355.1_PDT002339600.1_genomic,0
GCA_044655625.1_PDT002458611.1_genomic,0
GCA_044265395.1_PDT002316081.1_genomic,0
GCA_048084655.1_ASM4808465v1_genomic,3
GCA_037992385.1_ASM3799238v1_genomic,0
GCA_028003165.1_PDT001576157.1_genomic,0
GCA_000579135.1_Stap_aure_W73592_V1_genomic,0
GCA_028456775.1_PDT001601926.1_genomic,0
GCA_041321335.1_ASM4132133v1_genomic,0
GCA_028931005.1_PDT001645013.1_genomic,0
GCA_048008695.1_PDT002630865.1_genomic,0
GCA_048719675.1_PDT002672988.1_genomic,0
GCA_027512925.1_PDT001554674.1_genomic,0
GCA_001065215.1_ASM106521v1_genomic,0
GCA_018184535.1_PDT001013017.1_genomic,0
GCA_028434945.1_PDT001600531.1_genomic,0
GCA_052782505.1_PDT002929773.1_genomic,3
GCA_026605615.1_PDT001508760.1_genomic,0
GCA_018811285.1_PDT001048989.1_genomic,0
GCA_003417245.1_ASM341724v1_genomic,0
GCA_027281145.1_PDT001546487.1_genomic,0
GCA_027528145.1_PDT001553715.1_genomic,0
GCA_000712685.1_psa1101211_genomic,0
GCA_008364175.1_ASM836417v1_genomic,0
GCA_053729355.1_PDT002998951.1_genomic,0
GCA_025696345.1_PDT001452668.1_genomic,4
GCA_025562155.1_ASM2556215v1_genomic,0
GCA_029929345.1_ASM2992934v1_genomic,0
GCA_031248795.1_PDT001874194.1_genomic,0
GCA_042907425.1_PDT002090676.1_genomic,3
GCA_026480005.1_PDT001498713.1_genomic,0
GCA_028195005.1_PDT001594068.1_genomic,0
GCA_027162645.1_PDT001532067.1_genomic,0
GCA_903801695.1_22276_7_17_genomic,0
GCA_028935305.1_PDT001644800.1_genomic,0
GCA_900057325.1_7469_7_61_genomic,0
GCA_027534905.1_PDT001556311.1_genomic,0
GCA_044158565.1_PDT002440173.1_genomic,0
GCA_026973335.1_PDT001536207.1_genomic,0
GCA_027722545.1_PDT001561110.1_genomic,0
GCA_000544065.1_Stap_aure_M0814_V1_genomic,0
GCA_048797965.1_PDT002679407.1_genomic,0
GCA_032459835.1_ASM3245983v1_genomic,0
GCA_026507355.1_PDT001502374.1_genomic,0
GCA_027793695.1_PDT001565688.1_genomic,0
GCA_028987305.1_PDT001642498.1_genomic,0
GCA_019098785.1_ASM1909878v1_genomic,4
GCA_900081245.1_12641_1_63_genomic,0
GCA_049074805.1_PDT002653601.1_genomic,5
GCA_903805415.1_21631_7_60_genomic,0
GCA_031514805.1_PDT001703433.1_genomic,0
GCA_022693245.1_ASM2269324v1_genomic,0
GCA_018168595.1_PDT001013001.1_genomic,0
GCA_046500005.1_ASM4650000v1_genomic,0
GCA_043257585.1_PDT002259324.1_genomic,0
GCA_021483945.1_ASM2148394v1_genomic,0
GCA_027965865.1_PDT001578737.1_genomic,0
GCA_028520585.1_PDT001607754.1_genomic,0
GCA_026446985.1_PDT001500479.2_genomic,0
GCA_048760595.1_PDT002670145.1_genomic,0
GCA_003310465.1_ASM331046v1_genomic,0
GCA_903806915.1_21673_5_117_genomic,0
GCA_015578115.1_PDT000811617.1_genomic,0
GCA_048708295.1_PDT002673500.1_genomic,0
GCA_049925415.1_PDT002730012.1_genomic,0
GCA_036531795.1_ASM3653179v1_genomic,0
GCA_027657885.1_PDT001563597.1_genomic,0
GCA_033563115.1_PDT001976102.1_genomic,0
GCA_026911125.1_PDT001527132.1_genomic,0
GCA_033518055.1_PDT001976760.1_genomic,0
GCA_014728415.1_ASM1472841v1_genomic,0
GCA_048730355.1_PDT002671630.1_genomic,0
GCA_033915965.1_PDT001998213.1_genomic,0
GCA_026643235.1_PDT001511057.1_genomic,0
GCA_054160815.1_PDT003034295.1_genomic,0
GCA_054359195.1_ASM5435919v1_genomic,0
GCA_050636005.1_PDT002789967.1_genomic,0
GCA_026748575.1_PDT001516911.1_genomic,0
GCA_048736275.1_PDT002671474.1_genomic,0
GCA_024898895.1_ASM2489889v1_genomic,0
GCA_043669355.1_PDT002287026.1_genomic,5
GCA_054589495.1_PDT003061182.1_genomic,0
GCA_044662845.1_PDT002458167.1_genomic,5
GCA_027301285.1_PDT001547187.1_genomic,0
GCA_026652915.1_PDT001512324.1_genomic,0
GCA_021009935.1_ASM2100993v1_genomic,0
GCA_028190545.1_PDT001592295.1_genomic,0
GCA_042851765.1_ASM4285176v1_genomic,0
GCA_028364955.1_PDT001598202.1_genomic,0
GCA_019121215.1_ASM1912121v1_genomic,0
GCA_029951685.1_ASM2995168v1_genomic,0
GCA_028003685.1_PDT001576112.1_genomic,0
GCA_042904185.1_PDT002090873.1_genomic,0
GCA_046196215.1_PDT002532646.1_genomic,0
GCA_026659475.1_PDT001512173.1_genomic,0
GCA_026883765.1_PDT001524913.1_genomic,0
GCA_900098545.1_9119_2_46_genomic,3
GCA_029666895.1_ASM2966689v1_genomic,0
GCA_048918815.1_PDT002661006.1_genomic,0
GCA_017973705.1_ASM1797370v1_genomic,4
GCA_029031785.1_PDT001652260.1_genomic,0
GCA_027055995.1_PDT001534773.1_genomic,0
GCA_003720575.1_ASM372057v1_genomic,0
GCA_001019435.2_ASM101943v2_genomic,0
GCA_903809585.1_22139_5_9_genomic,0
GCA_023111275.1_ASM2311127v1_genomic,5
GCA_019758335.1_ASM1975833v1_genomic,0
GCA_037217245.1_BSN149_Contigs_genomic,0
GCA_026311915.1_PDT001494015.1_genomic,0
GCA_026500485.1_PDT001503200.1_genomic,0
GCA_026816465.1_PDT001522437.1_genomic,0
GCA_049004155.1_PDT002656039.1_genomic,5
GCA_048712405.1_PDT002673337.1_genomic,0
GCA_048721515.1_PDT002672889.1_genomic,0
GCA_048864165.1_PDT002679279.1_genomic,0
GCA_030207535.1_ASM3020753v1_genomic,5
GCA_027568175.1_ASM2756817v1_genomic,4
GCA_043221595.1_PDT002256882.1_genomic,0
GCA_038784845.1_BSN127_genomic,0
GCA_042860595.1_PDT002091203.1_genomic,0
GCA_040983865.1_ASM4098386v1_genomic,0
GCA_048762875.1_PDT002670029.1_genomic,0
GCA_027164325.1_PDT001539512.1_genomic,0
GCA_033606935.1_PDT001737054.1_genomic,5
GCA_023545135.1_ASM2354513v1_genomic,0
GCA_040256705.1_ASM4025670v1_genomic,3
GCA_048721195.1_PDT002672905.1_genomic,0
GCA_027601785.1_PDT001557560.1_genomic,3
GCA_027291165.1_PDT001545990.1_genomic,4
GCA_020587495.1_ASM2058749v1_genomic,5
GCA_009912555.1_ASM991255v1_genomic,0
GCA_048734835.1_PDT002671524.1_genomic,0
GCA_026497345.1_PDT001503354.1_genomic,0
GCA_000362765.1_Stap_aure_M1095_V1_genomic,0
GCA_900457555.1_35910_G01_genomic,0
GCA_000533135.1_Stap_aure_M1486_V1_genomic,0
GCA_027544905.1_PDT001556171.1_genomic,0
GCA_027765585.1_PDT001566611.1_genomic,5
GCA_900019125.1_7554_6_38_genomic,0
GCA_033996245.1_PDT002011504.1_genomic,0
GCA_027141595.1_PDT001538221.1_genomic,0
GCA_027966305.1_PDT001578715.1_genomic,0
GCA_039204605.1_ASM3920460v1_genomic,0
GCA_900126725.1_17175_3_42_genomic,1
GCA_900251185.1_M3094_genomic,0
GCA_015569795.1_PDT000812790.1_genomic,0
GCA_029389475.1_PDT001669533.1_genomic,0
GCA_026593095.1_PDT001507538.1_genomic,5
GCA_026841095.1_PDT001520566.1_genomic,0
GCA_902720015.1_12083_7_78_genomic,4
GCA_044661865.1_PDT002458214.1_genomic,0
GCA_015571455.1_PDT000812711.1_genomic,0
GCA_054107645.1_ASM5410764v1_genomic,0
GCA_023850705.1_ASM2385070v1_genomic,4
GCA_027118515.1_PDT001533004.1_genomic,0
GCA_900037635.1_8728_5_24_genomic,0
GCA_026838575.1_PDT001520723.1_genomic,0
GCA_964290325.1_23S01226-5_genomic,0
GCA_900127905.1_17175_1_83_genomic,3
GCA_042809925.1_PDT002073662.1_genomic,5
GCA_027287605.1_PDT001546176.1_genomic,0
GCA_028183645.1_PDT001592575.1_genomic,0
GCA_009459365.1_ASM945936v1_genomic,0
GCA_014693635.1_ASM1469363v1_genomic,0
GCA_044902785.1_ASM4490278v1_genomic,3
GCA_024018275.1_PDT001337738.1_genomic,0
GCA_032362795.1_PDT001828207.1_genomic,0
GCA_032031355.1_PDT001836214.1_genomic,0
GCA_015717305.1_ASM1571730v1_genomic,0
GCA_029045365.1_PDT001652444.1_genomic,0
GCA_000560525.1_Stap_aure_T41081_V1_genomic,0
GCA_028983435.1_PDT001642687.1_genomic,0
GCA_009750615.1_ASM975061v1_genomic,0
GCA_027479625.1_PDT001550011.1_genomic,0
GCA_009459225.1_ASM945922v1_genomic,0
GCA_028458825.1_PDT001601937.1_genomic,0
GCA_900043955.1_7554_6_7_genomic,0
GCA_001227005.1_5364_2_7_genomic,4
GCA_027541405.1_PDT001556827.1_genomic,0
GCA_022321665.1_ASM2232166v1_genomic,0
GCA_052793045.1_PDT002928594.1_genomic,0
GCA_050637325.1_PDT002789897.1_genomic,0
GCA_049936075.1_PDT002730044.1_genomic,0
GCA_027723025.1_PDT001561100.1_genomic,0
GCA_033842685.1_PDT001712209.1_genomic,0
GCA_028076095.1_PDT001583475.1_genomic,0
GCA_043532555.1_PDT002339758.1_genomic,0
GCA_000593805.1_Stap_aure_M24487_V1_genomic,0
GCA_049059445.1_PDT002654587.1_genomic,0
GCA_900044635.1_7480_8_23_genomic,0
GCA_021478445.1_ASM2147844v1_genomic,0
GCA_027769845.1_PDT001566029.1_genomic,0
GCA_026483085.1_PDT001499726.5_genomic,0
GCA_048754585.1_PDT002670779.1_genomic,0
GCA_026334415.1_PDT001494324.1_genomic,0
GCA_010602795.1_ASM1060279v1_genomic,0
GCA_027780505.1_PDT001568509.1_genomic,0
GCA_027517525.1_PDT001554444.1_genomic,0
GCA_033868535.1_PDT001711631.1_genomic,0
GCA_027884305.1_PDT001568590.1_genomic,0
GCA_000815085.1_ASM81508v1_genomic,0
GCA_020666945.1_ASM2066694v1_genomic,0
GCA_032109805.1_PDT001903723.1_genomic,0
GCA_027715565.1_PDT001562126.1_genomic,0
GCA_015582375.1_PDT000811366.1_genomic,0
GCA_027639745.1_PDT001561499.1_genomic,0
GCA_900037675.1_7554_6_27_genomic,0
GCA_048699575.1_PDT002673861.1_genomic,0
GCA_000578735.1_Stap_aure_M42485_V1_genomic,0
GCA_001969725.1_ASM196972v1_genomic,1
GCA_019712075.1_ASM1971207v1_genomic,0
GCA_028087035.1_PDT001585742.1_genomic,0
GCA_903803465.1_20621_1_141_genomic,0
GCA_029034145.1_PDT001652885.1_genomic,0
GCA_011291045.1_ASM1129104v1_genomic,0
GCA_024632975.1_PDT001383525.1_genomic,0
GCA_014726375.1_ASM1472637v1_genomic,0
GCA_028390325.1_PDT001598762.1_genomic,0
GCA_027654245.1_PDT001563400.1_genomic,0
GCA_029394835.1_PDT001669258.1_genomic,0
GCA_000602305.1_Stap_aure_F71576_V1_genomic,0
GCA_026779885.1_PDT001518989.1_genomic,0
GCA_050837815.1_PDT002797882.1_genomic,0
GCA_028393345.1_PDT001599937.1_genomic,0
GCA_041321815.1_ASM4132181v1_genomic,0
GCA_028943745.1_PDT001644450.1_genomic,0
GCA_014831705.1_ASM1483170v1_genomic,0
GCA_032654285.1_ASM3265428v1_genomic,0
GCA_051428865.1_PDT002839271.1_genomic,3
GCA_027810775.1_PDT001559728.1_genomic,0
GCA_051427075.1_PDT002839685.1_genomic,3
GCA_044477705.1_PDT002450915.1_genomic,0
GCA_044157185.1_PDT002440271.1_genomic,0
GCA_000552365.1_Stap_aure_M0120_V1_genomic,0
GCA_015244035.1_ASM1524403v1_genomic,2
GCA_027821835.1_PDT001559455.1_genomic,0
GCA_027978135.1_PDT001578436.1_genomic,0
GCA_027882625.1_PDT001562125.1_genomic,0
GCA_029030505.1_PDT001652283.1_genomic,0
GCA_053994775.1_PDT003028132.1_genomic,0
GCA_900083055.1_12673_8_20_genomic,0
GCA_026496165.1_PDT001503410.1_genomic,0
GCA_903803345.1_20621_1_128_genomic,0
GCA_000540595.1_Stap_aure_UCIM6034_V1_genomic,0
GCA_025570625.1_ASM2557062v1_genomic,0
GCA_046175405.1_PDT002533412.1_genomic,0
GCA_903809035.1_22114_8_142_genomic,0
GCA_000601885.1_Stap_aure_F12749_V1_genomic,0
GCA_033780655.1_PDT001715430.1_genomic,0
GCA_027522645.1_PDT001554187.1_genomic,0
GCA_002225315.1_ASM222531v1_genomic,0
GCA_045515855.1_PDT002485083.1_genomic,0
GCA_000546605.1_Stap_aure_M1031_V1_genomic,0
GCA_027200005.1_PDT001540607.1_genomic,0
GCA_052756965.1_PDT002931379.1_genomic,0
GCA_048075895.1_PDT002642322.1_genomic,0
GCA_026876005.1_PDT001521154.1_genomic,0
GCA_027714925.1_PDT001562140.1_genomic,3
GCA_026503625.1_PDT001499354.5_genomic,0
GCA_027244575.1_PDT001530377.1_genomic,0
GCA_018996545.1_ASM1899654v1_genomic,0
GCA_000638755.1_Stap_aure_C3672_V1_genomic,5
GCA_033535135.1_PDT001976018.1_genomic,0
GCA_000556845.1_Stap_aure_M0512_V1_genomic,0
GCA_016017045.1_ASM1601704v1_genomic,0
GCA_900097765.1_12291_8_1_genomic,0
GCA_026822475.1_PDT001518986.1_genomic,0
GCA_026839535.1_PDT001520658.1_genomic,0
GCA_052776965.1_PDT002930113.1_genomic,5
GCA_027168825.1_PDT001539147.1_genomic,0
GCA_032395345.1_PDT001825061.1_genomic,5
GCA_030207055.1_ASM3020705v1_genomic,5
GCA_015580515.1_PDT000811462.1_genomic,0
GCA_029045605.1_PDT001652431.1_genomic,0
GCA_018170735.1_PDT001013009.1_genomic,0
GCA_030337595.1_ASM3033759v1_genomic,0
GCA_903809055.1_22114_8_144_genomic,0
GCA_016012925.1_ASM1601292v1_genomic,0
GCA_028586675.1_PDT001611847.1_genomic,0
GCA_001287585.1_12673_5_54_genomic,0
GCA_021009255.1_ASM2100925v1_genomic,0
GCA_027607115.1_PDT001557223.1_genomic,0
GCA_028417315.1_PDT001600450.1_genomic,5
GCA_033917545.1_PDT001998134.1_genomic,0
GCA_047526705.1_ASM4752670v1_genomic,0
GCA_026587535.1_PDT001507806.1_genomic,0
GCA_032265695.1_PDT001711757.1_genomic,0
GCA_029422815.1_PDT001670225.1_genomic,0
GCA_000606385.1_Stap_aure_H32175_V1_genomic,0
GCA_029678845.1_PDT001668091.1_genomic,0
GCA_028766315.1_ASM2876631v1_genomic,0
GCA_018134725.1_PDT001011180.1_genomic,0
GCA_048905775.1_PDT002661586.1_genomic,0
GCA_002125255.1_ASM212525v1_genomic,0
GCA_000221825.2_ASM22182v2_genomic,0
GCA_051161595.1_ASM5116159v1_genomic,0
GCA_016833515.1_ASM1683351v1_genomic,0
GCA_051272635.1_ASM5127263v1_genomic,0
GCA_011292075.1_ASM1129207v1_genomic,0
GCA_053959695.1_PDT003022275.1_genomic,0
GCA_054826975.1_PDT003059466.1_genomic,0
GCA_028083035.1_PDT001583122.1_genomic,0
GCA_026823415.1_PDT001521842.1_genomic,0
GCA_029665045.1_ASM2966504v1_genomic,0
GCA_027169945.1_PDT001539096.1_genomic,0
GCA_036041935.1_ASM3604193v1_genomic,0
GCA_046166985.1_PDT002533853.1_genomic,0
GCA_036531895.1_ASM3653189v1_genomic,0
GCA_049059865.1_PDT002654577.1_genomic,0
GCA_023588645.1_PDT001316950.1_genomic,0
GCA_005861705.1_ASM586170v1_genomic,0
GCA_028536355.1_PDT001608367.1_genomic,0
GCA_045746865.1_PDT002512803.1_genomic,0
GCA_000560805.1_Stap_aure_F52748_V1_genomic,0
GCA_028213415.1_PDT001595918.1_genomic,0
GCA_027743125.1_PDT001565370.1_genomic,0
GCA_001204955.1_9266_1_17_genomic,0
GCA_025770685.1_PDT001456584.1_genomic,0
GCA_033956905.1_PDT002007847.1_genomic,0
GCA_040718475.1_ASM4071847v1_genomic,0
GCA_026329035.1_PDT001494583.1_genomic,0
GCA_027990225.1_PDT001578122.1_genomic,1
GCA_043379515.1_PDT002280760.1_genomic,0
GCA_043668535.1_PDT002287047.1_genomic,0
GCA_017669115.1_PDT000995507.1_genomic,0
GCA_027070275.1_PDT001534614.1_genomic,0
GCA_027242985.1_PDT001540385.1_genomic,0
GCA_015715265.1_ASM1571526v1_genomic,0
GCA_027704745.1_PDT001563398.1_genomic,0
GCA_000527815.1_Stap_aure_M0634_V1_genomic,0
GCA_902721495.1_12162_7_55_genomic,4
GCA_027955685.1_PDT001579336.1_genomic,0
GCA_027779205.1_PDT001568696.1_genomic,5
GCA_039209275.1_ASM3920927v1_genomic,0
GCA_046197135.1_PDT002532539.1_genomic,3
GCA_031347145.1_PDT001881827.1_genomic,5
GCA_015605125.1_PDT000444196.1_genomic,0
GCA_022239685.1_ASM2223968v1_genomic,0
GCA_027527785.1_PDT001553733.1_genomic,0
GCA_019098185.1_ASM1909818v1_genomic,5
GCA_026729655.1_PDT001516022.1_genomic,0
GCA_053172855.1_ASM5317285v1_genomic,0
GCA_043528015.1_PDT002339826.1_genomic,0
GCA_028083915.1_PDT001583112.1_genomic,0
GCA_027655245.1_PDT001563205.1_genomic,5
GCA_026910205.1_PDT001527109.1_genomic,0
GCA_044645055.1_PDT002458741.1_genomic,0
GCA_048714495.1_PDT002673233.1_genomic,0
GCA_026844755.1_PDT001520389.1_genomic,5
GCA_043666375.1_PDT002287150.1_genomic,0
GCA_042996285.1_PDT002139881.1_genomic,0
GCA_028363115.1_PDT001598294.1_genomic,0
GCA_011030785.1_ASM1103078v1_genomic,0
GCA_021482125.1_ASM2148212v1_genomic,5
GCA_027282005.1_PDT001546435.1_genomic,4
GCA_900042655.1_7480_8_30_genomic,0
GCA_049384185.1_ASM4938418v1_genomic,0
GCA_009690605.1_ASM969060v1_genomic,3
GCA_028196365.1_PDT001593986.1_genomic,0
GCA_000360885.1_Stap_aure_M0350_V1_genomic,0
GCA_051425635.1_PDT002840763.1_genomic,3
GCA_048745315.1_PDT002671243.1_genomic,0
GCA_903987865.1_SI576_29735_genomic,0
GCA_028509055.1_PDT001607040.1_genomic,5
GCA_026845535.1_PDT001520347.1_genomic,0
GCA_049090575.1_PDT002652074.1_genomic,2
GCA_027761045.1_PDT001569042.1_genomic,0
GCA_026471065.1_PDT001500615.4_genomic,0
GCA_026667855.1_PDT001511909.1_genomic,0
GCA_903988945.1_Ge382_29382_genomic,0
GCA_027600695.1_PDT001557602.1_genomic,0
GCA_020590775.1_ASM2059077v1_genomic,0
GCA_052112885.1_ASM5211288v1_genomic,0
GCA_019016145.1_ASM1901614v1_genomic,0
GCA_033774175.1_PDT001715790.1_genomic,0
GCA_048909665.1_PDT002661468.1_genomic,0
GCA_028085595.1_PDT001583033.1_genomic,0
GCA_046100995.1_PDT002532698.1_genomic,3
GCA_028945205.1_PDT001644366.1_genomic,0
GCA_028515205.1_PDT001607239.1_genomic,0
GCA_027540465.1_PDT001556229.1_genomic,0
GCA_028360755.1_PDT001597920.2_genomic,0
GCA_026434415.1_PDT001501290.1_genomic,0
GCA_001996665.1_ASM199666v1_genomic,0
GCA_024360425.1_ASM2436042v1_genomic,0
GCA_033771655.1_PDT001715921.1_genomic,0
GCA_033845165.1_PDT001712136.1_genomic,0
GCA_003720025.1_ASM372002v1_genomic,0
GCA_029388575.1_PDT001669577.1_genomic,0
GCA_027652685.1_PDT001562210.1_genomic,0
GCA_028906005.1_PDT001647766.1_genomic,0
GCA_034409115.1_PDT002029728.1_genomic,0
GCA_042877905.1_PDT002090767.1_genomic,0
GCA_902720265.1_12083_8_40_genomic,4
GCA_027997965.1_PDT001576264.1_genomic,0
GCA_002267155.1_ASM226715v1_genomic,0
GCA_044655065.1_PDT002458739.1_genomic,0
GCA_014693915.1_ASM1469391v1_genomic,0
GCA_030245735.1_ASM3024573v1_genomic,0
GCA_027832515.1_PDT001571099.1_genomic,0
GCA_028365495.1_PDT001598174.1_genomic,0
GCA_027178875.1_PDT001531255.1_genomic,0
GCA_050104715.1_PDT002748206.1_genomic,0
GCA_029402885.1_PDT001668032.1_genomic,0
GCA_032112665.1_PDT001903710.1_genomic,0
GCA_031933425.1_ASM3193342v1_genomic,4
GCA_027510305.1_PDT001554805.1_genomic,0
GCA_029036045.1_PDT001652909.1_genomic,0
GCA_045303475.1_PDT002485054.1_genomic,0
GCA_033780535.1_PDT001715433.1_genomic,0
GCA_027084295.1_PDT001534454.1_genomic,0
GCA_030243495.1_ASM3024349v1_genomic,0
GCA_028952705.1_PDT001643974.1_genomic,0
GCA_018210525.1_ASM1821052v1_genomic,0
GCA_902720925.1_12162_7_4_genomic,4
GCA_042857265.1_PDT002090047.1_genomic,0
GCA_000644515.1_Stap_aure_VET0413R_V1_genomic,5
GCA_018210545.1_ASM1821054v1_genomic,0
GCA_020588185.1_ASM2058818v1_genomic,0
GCA_014181175.1_ASM1418117v1_genomic,0
GCA_027305925.1_PDT001546926.1_genomic,0
GCA_016828135.1_ASM1682813v1_genomic,0
GCA_001351775.1_7748_4_14_genomic,0
GCA_027201245.1_PDT001540547.1_genomic,0
GCA_032394425.1_PDT001825109.1_genomic,0
GCA_027009235.1_PDT001535245.1_genomic,0
GCA_026846855.1_PDT001520269.1_genomic,0
GCA_021478225.1_ASM2147822v1_genomic,0
GCA_048086865.1_ASM4808686v1_genomic,3
GCA_030734455.1_PDT001703435.1_genomic,0
GCA_027209585.1_PDT001541208.1_genomic,0
GCA_009460035.1_ASM946003v1_genomic,0
GCA_027653605.1_PDT001563412.1_genomic,0
GCA_046194825.1_PDT002532800.1_genomic,3
GCA_040578455.1_ASM4057845v1_genomic,0
GCA_000609725.1_Stap_aure_DAR1810_V1_genomic,0
GCA_019245825.1_PDT000151606.2_genomic,3
GCA_042857085.1_PDT002090062.1_genomic,0
GCA_900083285.1_12971_3_26_genomic,0
GCA_048922755.1_PDT002660814.1_genomic,0
GCA_028079455.1_PDT001583468.1_genomic,0
GCA_027599585.1_PDT001557218.1_genomic,0
GCA_042867665.1_PDT002091245.1_genomic,0
GCA_026819715.1_PDT001522212.1_genomic,0
GCA_027832175.1_PDT001571044.1_genomic,0
GCA_028534765.1_PDT001608486.1_genomic,0
GCA_054835175.1_PDT003073612.1_genomic,0
GCA_027200385.1_PDT001540625.1_genomic,0
GCA_036532615.1_ASM3653261v1_genomic,0
GCA_033830725.1_PDT001712494.1_genomic,0
GCA_048887305.1_PDT002662064.1_genomic,0
GCA_903807445.1_21673_5_169_genomic,0
GCA_050812085.1_PDT002795880.1_genomic,0
GCA_000535135.1_Stap_aure_M0882_V1_genomic,0
GCA_028388895.1_PDT001598815.1_genomic,0
GCA_000551465.1_Stap_aure_M0048_V1_genomic,0
GCA_049900245.1_ASM4990024v1_genomic,5
GCA_902715155.1_12162_6_9_genomic,4
GCA_043221755.1_PDT002256870.1_genomic,0
GCA_000608185.1_Stap_aure_DAR3776_V1_genomic,0
GCA_011026625.1_ASM1102662v1_genomic,0
GCA_028970605.1_PDT001643276.1_genomic,0
GCA_027017345.1_PDT001536734.1_genomic,0
GCA_029030425.1_PDT001652301.1_genomic,0
GCA_029417795.1_PDT001669807.1_genomic,0
GCA_033775195.1_PDT001715736.1_genomic,0
GCA_900126215.1_17175_2_57_genomic,0
GCA_964302295.1_MSSA02463-220302_contigs_filtered.fa.gz_genomic,0
GCA_054833935.1_PDT003073773.1_genomic,0
GCA_026424935.1_PDT001501718.1_genomic,0
GCA_032363555.1_PDT001828155.1_genomic,0
GCA_025695445.1_PDT001452733.1_genomic,0
GCA_029950465.1_ASM2995046v1_genomic,0
GCA_051474965.1_ASM5147496v1_genomic,0
GCA_030889245.1_PDT001696583.1_genomic,0
GCA_029389375.1_PDT001669542.1_genomic,0
GCA_045910215.1_ASM4591021v1_genomic,0
GCA_044661445.1_PDT002458236.1_genomic,0
GCA_018306225.1_ASM1830622v1_genomic,0
GCA_027731595.1_PDT001565594.1_genomic,0
GCA_026848895.1_PDT001520171.1_genomic,0
GCA_027506185.1_PDT001555011.1_genomic,0
GCA_033706415.1_PDT001720753.1_genomic,0
GCA_054836855.1_PDT003073966.1_genomic,0
GCA_027163205.1_PDT001532041.1_genomic,0
GCA_048912525.1_PDT002661322.1_genomic,0
GCA_000557365.1_Stap_aure_M0552_V1_genomic,0
GCA_042841955.1_PDT002090008.1_genomic,0
GCA_024916875.1_ASM2491687v1_genomic,5
GCA_054658655.1_ASM5465865v1_genomic,5
GCA_048710435.1_PDT002673427.1_genomic,0
GCA_902719205.1_12083_7_9_genomic,4
GCA_002121975.1_ASM212197v1_genomic,0
GCA_019413145.1_PDT001098215.1_genomic,0
GCA_023655485.1_ASM2365548v1_genomic,0
GCA_900082045.1_12673_2_39_genomic,0
GCA_044847285.1_PDT002457958.1_genomic,0
GCA_016016135.1_ASM1601613v1_genomic,0
GCA_039522825.1_BSN194_genomic,0
GCA_026810425.1_PDT001522785.1_genomic,0
GCA_028394945.1_PDT001599826.1_genomic,0
GCA_026864235.1_PDT001524273.1_genomic,0
GCA_027769025.1_PDT001566407.1_genomic,0
GCA_028551985.1_PDT001609813.1_genomic,0
GCA_042895205.1_PDT002091050.1_genomic,0
GCA_000569895.1_Stap_aure_M20180_V1_genomic,0
GCA_900097655.1_12291_8_4_genomic,0
GCA_977888105.1_ASM97788810v1_genomic,0
GCA_049019285.1_PDT002655786.1_genomic,5
GCA_026998735.1_PDT001535154.1_genomic,0
GCA_046172425.1_PDT002533548.1_genomic,0
GCA_028639285.1_PDT001614495.1_genomic,0
GCA_029833915.1_PDT001692873.1_genomic,0
GCA_048736895.1_PDT002671441.1_genomic,0
GCA_049072285.1_PDT002653730.1_genomic,0
GCA_027216065.1_PDT001541185.1_genomic,0
GCA_049072105.1_PDT002653739.1_genomic,0
GCA_034479795.1_ASM3447979v1_genomic,0
GCA_026428715.1_PDT001501613.1_genomic,0
GCA_037021585.1_ASM3702158v1_genomic,0
GCA_027292105.1_PDT001545943.1_genomic,4
GCA_026757615.1_PDT001517374.1_genomic,0
GCA_000556825.1_Stap_aure_M0509_V1_genomic,0
GCA_048756675.1_PDT002670673.1_genomic,0
GCA_018150295.1_PDT001013958.1_genomic,0
GCA_028312165.1_PDT001597657.1_genomic,0
GCA_024361105.1_ASM2436110v1_genomic,0
GCA_023111775.1_ASM2311177v1_genomic,5
GCA_027913475.1_PDT001551220.1_genomic,0
GCA_052125455.1_ASM5212545v1_genomic,5
GCA_028159525.1_PDT001501372.3_genomic,0
GCA_043553575.1_PDT002339520.1_genomic,0
GCA_018308385.1_ASM1830838v1_genomic,0
GCA_028902565.1_PDT001647869.1_genomic,0
GCA_000593185.1_Stap_aure_M1123_V1_genomic,0
GCA_028831365.1_PDT001640541.1_genomic,0
GCA_048709435.1_PDT002673473.1_genomic,0
GCA_011028885.1_ASM1102888v1_genomic,0
GCA_049386605.1_PDT002710195.1_genomic,0
GCA_019149145.1_ASM1914914v1_genomic,0
GCA_000538555.1_Stap_aure_UCIM6014_V1_genomic,0
GCA_009675345.1_ASM967534v1_genomic,0
GCA_045579945.1_PDT002485246.1_genomic,0
GCA_027524705.1_PDT001554086.1_genomic,0
GCA_015569695.1_PDT000812758.1_genomic,0
GCA_902715535.1_12162_6_26_genomic,4
GCA_011059365.1_ASM1105936v1_genomic,0
GCA_900083405.1_12971_3_59_genomic,0
GCA_054840325.1_PDT003073497.1_genomic,0
GCA_010599625.1_ASM1059962v1_genomic,0
GCA_027481085.1_PDT001549994.1_genomic,0
GCA_003261195.1_ASM326119v1_genomic,4
GCA_903802895.1_22276_7_128_genomic,0
GCA_049087695.1_PDT002652206.1_genomic,2
GCA_027813955.1_PDT001569282.1_genomic,0
GCA_026433195.1_PDT001501428.1_genomic,0
GCA_033778155.1_PDT001715582.1_genomic,0
GCA_049087935.1_PDT002652194.1_genomic,2
GCA_048759995.1_PDT002670174.1_genomic,0
GCA_900019135.1_7712_8_67_genomic,0
GCA_033958025.1_PDT002007785.1_genomic,0
GCA_049050605.1_PDT002654806.1_genomic,0
GCA_037990005.1_ASM3799000v1_genomic,0
GCA_000934265.1_ASM93426v1_genomic,0
GCA_030243185.1_ASM3024318v1_genomic,0
GCA_048913185.1_PDT002661289.1_genomic,0
GCA_053760505.1_ASM5376050v1_genomic,0
GCA_027517905.1_PDT001554424.1_genomic,0
GCA_040787765.1_ASM4078776v1_genomic,0
GCA_002267705.1_ASM226770v1_genomic,0
GCA_049918275.1_PDT002730554.1_genomic,0
GCA_051273825.1_ASM5127382v1_genomic,0
GCA_026746855.1_PDT001516984.1_genomic,0
GCA_030905185.1_PDT001694427.1_genomic,3
GCA_026594875.1_PDT001508964.1_genomic,0
GCA_043668375.1_PDT002287056.1_genomic,0
GCA_900054705.1_7748_6_68_genomic,0
GCA_023853455.1_ASM2385345v1_genomic,0
GCA_009753445.1_ASM975344v1_genomic,0
GCA_033517315.1_PDT001977054.1_genomic,0
GCA_027280705.1_PDT001546502.1_genomic,0
GCA_044412845.1_PDT002286602.1_genomic,0
GCA_049017605.1_PDT002655826.1_genomic,5
GCA_000642475.1_Stap_aure_VET0227R_V1_genomic,5
GCA_049934595.1_PDT002730088.1_genomic,0
GCA_028974805.1_PDT001643092.1_genomic,0
GCA_049074325.1_PDT002653627.1_genomic,0
GCA_047390285.1_ASM4739028v1_genomic,0
GCA_015603425.1_PDT000538452.1_genomic,0
GCA_028903305.1_PDT001647832.1_genomic,0
GCA_019121535.1_ASM1912153v1_genomic,0
GCA_033914615.1_PDT001998280.1_genomic,0
GCA_027642865.1_PDT001561371.1_genomic,5
GCA_026635475.1_PDT001511425.1_genomic,0
GCA_027977385.1_PDT001578456.1_genomic,0
GCA_026848935.1_PDT001520170.1_genomic,0
GCA_026730475.1_PDT001515776.1_genomic,0
GCA_046742105.1_ASM4674210v1_genomic,0
GCA_015567235.1_PDT000812916.1_genomic,0
GCA_026591175.1_PDT001507844.1_genomic,0
GCA_045516315.1_PDT002485042.1_genomic,0
GCA_028957825.1_PDT001643822.1_genomic,0
GCA_048706065.1_PDT002673584.1_genomic,0
GCA_027462265.1_PDT001546960.1_genomic,0
GCA_051438325.1_PDT002838299.1_genomic,3
GCA_032278085.1_PDT001707237.1_genomic,0
GCA_043219495.1_PDT002257012.1_genomic,0
GCA_027020365.1_PDT001535122.1_genomic,0
